-- =====================================================================
--  BikeShare — Schéma de base de données (MySQL / MariaDB)
--  Plateforme de location de vélos entre particuliers
--  Base de données BikeShare — Tarik EL MAHTOUCHI, ICC Bruxelles
--  Encodage : utf8mb4 / utf8mb4_general_ci
-- =====================================================================

SET NAMES utf8mb4;
SET FOREIGN_KEY_CHECKS = 0;

CREATE DATABASE IF NOT EXISTS `bikeshare`
  DEFAULT CHARACTER SET utf8mb4 COLLATE utf8mb4_general_ci;
USE `bikeshare`;

-- ---------------------------------------------------------------------
--  Rôles & utilisateurs
-- ---------------------------------------------------------------------
CREATE TABLE `roles` (
  `id`   BIGINT(20)  NOT NULL AUTO_INCREMENT,
  `role` VARCHAR(255) DEFAULT NULL,        -- ROLE_VISITOR, ROLE_MEMBER, ROLE_ADMIN
  PRIMARY KEY (`id`)
) ENGINE=InnoDB DEFAULT CHARSET=utf8mb4 COLLATE=utf8mb4_general_ci;

CREATE TABLE `users` (
  `id`            BIGINT(20)   NOT NULL AUTO_INCREMENT,
  `last_name`     VARCHAR(255) NOT NULL,
  `first_name`    VARCHAR(255) NOT NULL,
  `email`         VARCHAR(255) NOT NULL,
  `adresse`       VARCHAR(255) NOT NULL,
  `postal_code`   VARCHAR(10)  NOT NULL,
  `locality`      VARCHAR(255) NOT NULL,
  `phone`         VARCHAR(20)  DEFAULT NULL,
  `password`      VARCHAR(255) NOT NULL,
  `profil_picture` VARCHAR(255) DEFAULT NULL,
  `iban`          VARCHAR(255) DEFAULT NULL,
  `bic`           VARCHAR(255) DEFAULT NULL,
  `created_at`    DATETIME     NOT NULL DEFAULT CURRENT_TIMESTAMP,
  `is_verified`   BIT(1)       NOT NULL DEFAULT b'0',
  PRIMARY KEY (`id`),
  UNIQUE KEY `uk_users_email` (`email`)
) ENGINE=InnoDB DEFAULT CHARSET=utf8mb4 COLLATE=utf8mb4_general_ci;

CREATE TABLE `user_role` (
  `id`      BIGINT(20) NOT NULL AUTO_INCREMENT,
  `user_id` BIGINT(20) NOT NULL,
  `role_id` BIGINT(20) NOT NULL,
  PRIMARY KEY (`id`),
  KEY `fk_user_role_user` (`user_id`),
  KEY `fk_user_role_role` (`role_id`),
  CONSTRAINT `fk_user_role_user` FOREIGN KEY (`user_id`) REFERENCES `users` (`id`),
  CONSTRAINT `fk_user_role_role` FOREIGN KEY (`role_id`) REFERENCES `roles` (`id`)
) ENGINE=InnoDB DEFAULT CHARSET=utf8mb4 COLLATE=utf8mb4_general_ci;

-- Documents d'identité / vérification de profil
CREATE TABLE `documents` (
  `id`            BIGINT(20)   NOT NULL AUTO_INCREMENT,
  `document_type` VARCHAR(255) DEFAULT NULL, -- ID_CARD, PROOF_OF_ADDRESS...
  `file_path`     VARCHAR(255) DEFAULT NULL,
  `user_id`       BIGINT(20)   NOT NULL,
  PRIMARY KEY (`id`),
  KEY `fk_documents_user` (`user_id`),
  CONSTRAINT `fk_documents_user` FOREIGN KEY (`user_id`) REFERENCES `users` (`id`)
) ENGINE=InnoDB DEFAULT CHARSET=utf8mb4 COLLATE=utf8mb4_general_ci;

-- ---------------------------------------------------------------------
--  Catégories, tarifs, vélos
-- ---------------------------------------------------------------------
-- Catégories : Ville, VTT, Route, Électrique, Pliant, Cargo, Enfant...
CREATE TABLE `categories` (
  `id`       BIGINT(20)   NOT NULL AUTO_INCREMENT,
  `category` VARCHAR(255) DEFAULT NULL,
  PRIMARY KEY (`id`)
) ENGINE=InnoDB DEFAULT CHARSET=utf8mb4 COLLATE=utf8mb4_general_ci;

CREATE TABLE `prices` (
  `id`           BIGINT(20) NOT NULL AUTO_INCREMENT,
  `high_price`   DOUBLE DEFAULT NULL,   -- tarif haute saison (€/jour)
  `low_price`    DOUBLE DEFAULT NULL,   -- tarif basse saison
  `middle_price` DOUBLE DEFAULT NULL,   -- tarif moyenne saison
  `promo_1`      DOUBLE DEFAULT NULL,   -- réduction location ≥ 3 jours (%)
  `promo_2`      DOUBLE DEFAULT NULL,   -- réduction location ≥ 7 jours (%)
  PRIMARY KEY (`id`)
) ENGINE=InnoDB DEFAULT CHARSET=utf8mb4 COLLATE=utf8mb4_general_ci;

-- Table centrale : un vélo proposé à la location (équivalent de `cars`)
CREATE TABLE `bikes` (
  `id`                BIGINT(20)   NOT NULL AUTO_INCREMENT,
  `brand`             VARCHAR(255) DEFAULT NULL,  -- ex. Btwin, Trek, Cube
  `model`             VARCHAR(255) DEFAULT NULL,
  `adresse`           VARCHAR(255) DEFAULT NULL,
  `postal_code`       VARCHAR(255) DEFAULT NULL,
  `locality`          VARCHAR(255) DEFAULT NULL,
  `frame_number`      VARCHAR(255) DEFAULT NULL,  -- numéro de cadre
  `purchase_year`     DATE         DEFAULT NULL,  -- année d'achat
  `offer`             VARCHAR(255) DEFAULT NULL,  -- type d'offre
  `reservation_mode`  VARCHAR(255) DEFAULT NULL,  -- INSTANT / ON_REQUEST
  `bike_type`         VARCHAR(255) DEFAULT NULL,  -- CITY, MTB, ROAD, ELECTRIC...
  `wheel_size`        VARCHAR(255) DEFAULT NULL,  -- 26", 28", 29"
  `gears`             INT(11)      DEFAULT NULL,  -- nombre de vitesses
  `is_electric`       BIT(1)       DEFAULT b'0',
  `frame_size`        VARCHAR(255) DEFAULT NULL,  -- S, M, L, XL
  `registration_path` VARCHAR(255) DEFAULT NULL,  -- preuve d'achat / gravure
  `category_id`       BIGINT(20)   DEFAULT NULL,
  `user_id`           BIGINT(20)   DEFAULT NULL,  -- propriétaire
  `latitude`          DOUBLE       DEFAULT NULL,
  `longitude`         DOUBLE       DEFAULT NULL,
  `online`            BIT(1)       DEFAULT b'1',
  `price_id`          BIGINT(20)   DEFAULT NULL,
  PRIMARY KEY (`id`),
  KEY `fk_bikes_category` (`category_id`),
  KEY `fk_bikes_user` (`user_id`),
  KEY `fk_bikes_price` (`price_id`),
  CONSTRAINT `fk_bikes_category` FOREIGN KEY (`category_id`) REFERENCES `categories` (`id`),
  CONSTRAINT `fk_bikes_user`     FOREIGN KEY (`user_id`)     REFERENCES `users` (`id`),
  CONSTRAINT `fk_bikes_price`    FOREIGN KEY (`price_id`)    REFERENCES `prices` (`id`)
) ENGINE=InnoDB DEFAULT CHARSET=utf8mb4 COLLATE=utf8mb4_general_ci;

-- Photos du vélo
CREATE TABLE `pictures` (
  `id`      BIGINT(20)   NOT NULL AUTO_INCREMENT,
  `url`     VARCHAR(255) DEFAULT NULL,
  `bike_id` BIGINT(20)   DEFAULT NULL,
  PRIMARY KEY (`id`),
  KEY `fk_pictures_bike` (`bike_id`),
  CONSTRAINT `fk_pictures_bike` FOREIGN KEY (`bike_id`) REFERENCES `bikes` (`id`)
) ENGINE=InnoDB DEFAULT CHARSET=utf8mb4 COLLATE=utf8mb4_general_ci;

-- Conditions de location fixées par le propriétaire
CREATE TABLE `conditions` (
  `id`          BIGINT(20)   NOT NULL AUTO_INCREMENT,
  `description` VARCHAR(255) DEFAULT NULL,
  `bike_id`     BIGINT(20)   DEFAULT NULL,
  PRIMARY KEY (`id`),
  KEY `fk_conditions_bike` (`bike_id`),
  CONSTRAINT `fk_conditions_bike` FOREIGN KEY (`bike_id`) REFERENCES `bikes` (`id`)
) ENGINE=InnoDB DEFAULT CHARSET=utf8mb4 COLLATE=utf8mb4_general_ci;

-- ---------------------------------------------------------------------
--  Équipements & caractéristiques (relations N-N)
-- ---------------------------------------------------------------------
-- Équipements : antivol, casque, panier, porte-bagage, éclairage...
CREATE TABLE `equipements` (
  `id`          BIGINT(20)   NOT NULL AUTO_INCREMENT,
  `description` VARCHAR(255) DEFAULT NULL,
  `icon`        VARCHAR(255) DEFAULT NULL,
  PRIMARY KEY (`id`)
) ENGINE=InnoDB DEFAULT CHARSET=utf8mb4 COLLATE=utf8mb4_general_ci;

CREATE TABLE `bike_equipment` (
  `id`           BIGINT(20) NOT NULL AUTO_INCREMENT,
  `bike_id`      BIGINT(20) NOT NULL,
  `equipment_id` BIGINT(20) NOT NULL,
  PRIMARY KEY (`id`),
  KEY `fk_be_bike` (`bike_id`),
  KEY `fk_be_equip` (`equipment_id`),
  CONSTRAINT `fk_be_bike`  FOREIGN KEY (`bike_id`)      REFERENCES `bikes` (`id`),
  CONSTRAINT `fk_be_equip` FOREIGN KEY (`equipment_id`) REFERENCES `equipements` (`id`)
) ENGINE=InnoDB DEFAULT CHARSET=utf8mb4 COLLATE=utf8mb4_general_ci;

-- Caractéristiques : freins à disque, assistance électrique, suspension...
CREATE TABLE `features` (
  `id`          BIGINT(20)   NOT NULL AUTO_INCREMENT,
  `description` VARCHAR(255) DEFAULT NULL,
  `nom`         VARCHAR(255) DEFAULT NULL,
  PRIMARY KEY (`id`)
) ENGINE=InnoDB DEFAULT CHARSET=utf8mb4 COLLATE=utf8mb4_general_ci;

CREATE TABLE `bike_feature` (
  `id`         BIGINT(20) NOT NULL AUTO_INCREMENT,
  `bike_id`    BIGINT(20) NOT NULL,
  `feature_id` BIGINT(20) NOT NULL,
  PRIMARY KEY (`id`),
  KEY `fk_bf_bike` (`bike_id`),
  KEY `fk_bf_feature` (`feature_id`),
  CONSTRAINT `fk_bf_bike`    FOREIGN KEY (`bike_id`)    REFERENCES `bikes` (`id`),
  CONSTRAINT `fk_bf_feature` FOREIGN KEY (`feature_id`) REFERENCES `features` (`id`)
) ENGINE=InnoDB DEFAULT CHARSET=utf8mb4 COLLATE=utf8mb4_general_ci;

-- Indisponibilités (calendrier du propriétaire)
CREATE TABLE `unavailabilities` (
  `id`         BIGINT(20) NOT NULL AUTO_INCREMENT,
  `start_date` DATE       NOT NULL,
  `end_date`   DATE       NOT NULL,
  `bike_id`    BIGINT(20) DEFAULT NULL,
  PRIMARY KEY (`id`),
  KEY `fk_unavail_bike` (`bike_id`),
  CONSTRAINT `fk_unavail_bike` FOREIGN KEY (`bike_id`) REFERENCES `bikes` (`id`)
) ENGINE=InnoDB DEFAULT CHARSET=utf8mb4 COLLATE=utf8mb4_general_ci;

-- ---------------------------------------------------------------------
--  Réservations & paiements
-- ---------------------------------------------------------------------
CREATE TABLE `reservations` (
  `id`             BIGINT(20)   NOT NULL AUTO_INCREMENT,
  `created_at`     DATETIME(6)  DEFAULT NULL,
  `start_location` DATE         DEFAULT NULL,   -- date de début
  `end_location`   DATE         DEFAULT NULL,   -- date de fin
  `duration`       INT(11)      DEFAULT NULL,   -- nb de jours
  `statut`         VARCHAR(255) DEFAULT NULL,   -- PENDING, CONFIRMED, CANCELLED, COMPLETED
  `assurance`      VARCHAR(255) DEFAULT NULL,   -- option assurance antivol/casse
  `bike_id`        BIGINT(20)   NOT NULL,
  `user_id`        BIGINT(20)   NOT NULL,       -- locataire
  PRIMARY KEY (`id`),
  KEY `fk_resa_bike` (`bike_id`),
  KEY `fk_resa_user` (`user_id`),
  CONSTRAINT `fk_resa_bike` FOREIGN KEY (`bike_id`) REFERENCES `bikes` (`id`),
  CONSTRAINT `fk_resa_user` FOREIGN KEY (`user_id`) REFERENCES `users` (`id`)
) ENGINE=InnoDB DEFAULT CHARSET=utf8mb4 COLLATE=utf8mb4_general_ci;

CREATE TABLE `payments` (
  `id`             BIGINT(20)   NOT NULL AUTO_INCREMENT,
  `created_at`     DATETIME     NOT NULL,
  `payment_mode`   VARCHAR(255) NOT NULL,       -- STRIPE, CARD...
  `total_price`    DOUBLE       NOT NULL,
  `statut`         VARCHAR(255) NOT NULL,       -- PAID, REFUNDED, FAILED
  `reservation_id` BIGINT(20)   DEFAULT NULL,
  `part_bikeshare` DOUBLE       NOT NULL,       -- commission plateforme
  PRIMARY KEY (`id`),
  KEY `fk_payments_resa` (`reservation_id`),
  CONSTRAINT `fk_payments_resa` FOREIGN KEY (`reservation_id`) REFERENCES `reservations` (`id`)
) ENGINE=InnoDB DEFAULT CHARSET=utf8mb4 COLLATE=utf8mb4_general_ci;

-- Gains reversés au propriétaire
CREATE TABLE `gains` (
  `id`            BIGINT(20)   NOT NULL AUTO_INCREMENT,
  `created_at`    DATETIME(6)  NOT NULL,
  `description`   VARCHAR(255) DEFAULT NULL,
  `amount_earned` DOUBLE       NOT NULL,
  `status`        VARCHAR(255) NOT NULL,        -- PENDING, TRANSFERRED
  `payment_id`    BIGINT(20)   NOT NULL,
  PRIMARY KEY (`id`),
  KEY `fk_gains_payment` (`payment_id`),
  CONSTRAINT `fk_gains_payment` FOREIGN KEY (`payment_id`) REFERENCES `payments` (`id`)
) ENGINE=InnoDB DEFAULT CHARSET=utf8mb4 COLLATE=utf8mb4_general_ci;

-- Remboursements
CREATE TABLE `refunds` (
  `id`                BIGINT(20)  NOT NULL AUTO_INCREMENT,
  `amount`            DOUBLE      NOT NULL,
  `created_at`        DATETIME(6) NOT NULL,
  `refund_percentage` DOUBLE      NOT NULL,
  `payment_id`        BIGINT(20)  DEFAULT NULL,
  PRIMARY KEY (`id`),
  KEY `fk_refunds_payment` (`payment_id`),
  CONSTRAINT `fk_refunds_payment` FOREIGN KEY (`payment_id`) REFERENCES `payments` (`id`)
) ENGINE=InnoDB DEFAULT CHARSET=utf8mb4 COLLATE=utf8mb4_general_ci;

-- ---------------------------------------------------------------------
--  Communication, évaluations, réclamations, notifications
-- ---------------------------------------------------------------------
CREATE TABLE `chat_messages` (
  `id`             BIGINT(20)   NOT NULL AUTO_INCREMENT,
  `content`        VARCHAR(255) NOT NULL,
  `reservation_id` BIGINT(20)   NOT NULL,
  `sent_at`        DATETIME(6)  NOT NULL,
  `from_user_id`   BIGINT(20)   NOT NULL,
  `to_user_id`     BIGINT(20)   NOT NULL,
  PRIMARY KEY (`id`),
  KEY `fk_chat_resa` (`reservation_id`),
  KEY `fk_chat_from` (`from_user_id`),
  KEY `fk_chat_to`   (`to_user_id`),
  CONSTRAINT `fk_chat_resa` FOREIGN KEY (`reservation_id`) REFERENCES `reservations` (`id`),
  CONSTRAINT `fk_chat_from` FOREIGN KEY (`from_user_id`)   REFERENCES `users` (`id`),
  CONSTRAINT `fk_chat_to`   FOREIGN KEY (`to_user_id`)     REFERENCES `users` (`id`)
) ENGINE=InnoDB DEFAULT CHARSET=utf8mb4 COLLATE=utf8mb4_general_ci;

CREATE TABLE `evaluations` (
  `id`             BIGINT(20)  NOT NULL AUTO_INCREMENT,
  `comment`        TEXT        DEFAULT NULL,
  `created_at`     DATETIME(6) NOT NULL,
  `note`           INT(11)     NOT NULL,         -- 1 à 5
  `reservation_id` BIGINT(20)  DEFAULT NULL,
  PRIMARY KEY (`id`),
  KEY `fk_eval_resa` (`reservation_id`),
  CONSTRAINT `fk_eval_resa` FOREIGN KEY (`reservation_id`) REFERENCES `reservations` (`id`)
) ENGINE=InnoDB DEFAULT CHARSET=utf8mb4 COLLATE=utf8mb4_general_ci;

CREATE TABLE `claims` (
  `id`             BIGINT(20)   NOT NULL AUTO_INCREMENT,
  `created_at`     DATETIME(6)  NOT NULL,
  `message`        VARCHAR(255) NOT NULL,
  `status`         VARCHAR(255) NOT NULL,        -- OPEN, IN_REVIEW, RESOLVED
  `reservation_id` BIGINT(20)   NOT NULL,
  `claimant_role`  VARCHAR(255) NOT NULL,        -- OWNER / RENTER
  `response`       VARCHAR(255) DEFAULT NULL,
  `response_at`    DATETIME(6)  DEFAULT NULL,
  PRIMARY KEY (`id`),
  KEY `fk_claims_resa` (`reservation_id`),
  CONSTRAINT `fk_claims_resa` FOREIGN KEY (`reservation_id`) REFERENCES `reservations` (`id`)
) ENGINE=InnoDB DEFAULT CHARSET=utf8mb4 COLLATE=utf8mb4_general_ci;

CREATE TABLE `notifications` (
  `id`           BIGINT(20)   NOT NULL AUTO_INCREMENT,
  `created_at`   DATETIME(6)  DEFAULT NULL,
  `message`      VARCHAR(255) DEFAULT NULL,
  `type`         VARCHAR(255) NOT NULL,
  `bike_id`      BIGINT(20)   NOT NULL,
  `from_user_id` BIGINT(20)   NOT NULL,
  `to_user_id`   BIGINT(20)   NOT NULL,
  `is_read`      BIT(1)       DEFAULT b'0',
  PRIMARY KEY (`id`),
  KEY `fk_notif_bike` (`bike_id`),
  KEY `fk_notif_from` (`from_user_id`),
  KEY `fk_notif_to`   (`to_user_id`),
  CONSTRAINT `fk_notif_bike` FOREIGN KEY (`bike_id`)      REFERENCES `bikes` (`id`),
  CONSTRAINT `fk_notif_from` FOREIGN KEY (`from_user_id`) REFERENCES `users` (`id`),
  CONSTRAINT `fk_notif_to`   FOREIGN KEY (`to_user_id`)   REFERENCES `users` (`id`)
) ENGINE=InnoDB DEFAULT CHARSET=utf8mb4 COLLATE=utf8mb4_general_ci;

-- =====================================================================
--  Données de test  (>= 100 lignes par table, hors tables de référence)
-- =====================================================================

INSERT INTO `roles` (`id`,`role`) VALUES
(1,'ROLE_VISITOR'),
(2,'ROLE_MEMBER'),
(3,'ROLE_ADMIN');

INSERT INTO `categories` (`id`,`category`) VALUES
(1,'Vélo de ville'),
(2,'VTT'),
(3,'Vélo de route'),
(4,'Vélo électrique'),
(5,'Vélo pliant'),
(6,'Vélo cargo'),
(7,'Vélo enfant');

INSERT INTO `equipements` (`id`,`description`,`icon`) VALUES
(1,'Antivol U','bi-lock'),
(2,'Casque','bi-shield'),
(3,'Panier','bi-basket'),
(4,'Porte-bagage','bi-bag'),
(5,'Éclairage LED','bi-lightbulb'),
(6,'Sacoche','bi-backpack'),
(7,'Pompe','bi-wind'),
(8,'Siège enfant','bi-person-arms-up');

INSERT INTO `features` (`id`,`nom`,`description`) VALUES
(1,'Freins à disque','Freinage hydraulique toutes conditions'),
(2,'Assistance électrique','Moteur central, autonomie 60 km'),
(3,'Suspension avant','Fourche télescopique 100 mm'),
(4,'Transmission Shimano','Dérailleur 21 vitesses'),
(5,'Cadre aluminium','Léger et résistant à la corrosion'),
(6,'Pneus anti-crevaison','Bandes de protection renforcées');

INSERT INTO `users` (`id`,`last_name`,`first_name`,`email`,`adresse`,`postal_code`,`locality`,`phone`,`password`,`iban`,`bic`,`created_at`,`is_verified`) VALUES
(1,'Jacobs','Yanis','yanis.jacobs1@example.be','Avenue de Tervueren 63','1050','Ixelles','+32474246316','test2026','BE2381960013389083','CTBKBEBX','2024-10-28 12:51:00',1),
(2,'Claes','Lucas','lucas.claes2@example.be','Chaussée de Charleroi 88','1160','Auderghem','+32477263032','$2a$10$N9qo8uLOickgx2ZMRZoMyeIjZAgcfl7p92ldGxad68LJZdL17lhWy','BE3751161559407816','GEBABEBB','2025-02-28 18:39:00',1),
(3,'Benali','Jade','jade.benali3@example.be','Chaussée de Wavre 12','1040','Etterbeek','+32474910620','$2a$10$N9qo8uLOickgx2ZMRZoMyeIjZAgcfl7p92ldGxad68LJZdL17lhWy','BE4713164752553419','GKCCBEBB','2024-05-05 10:29:00',1),
(4,'Simon','Mohamed','mohamed.simon4@example.be','Rue Neuve 176','1082','Berchem','+32480983794','$2a$10$N9qo8uLOickgx2ZMRZoMyeIjZAgcfl7p92ldGxad68LJZdL17lhWy','BE1730564139537672','BBRUBEBB','2025-01-16 16:34:00',1),
(5,'Haddad','Nathan','nathan.haddad5@example.be','Avenue Brugmann 93','1200','Woluwe-Saint-Lambert','+32474245051','$2a$10$N9qo8uLOickgx2ZMRZoMyeIjZAgcfl7p92ldGxad68LJZdL17lhWy','BE7571012269166978','BBRUBEBB','2025-03-16 08:43:00',0),
(6,'Jacobs','Axel','axel.jacobs6@example.be','Avenue de Tervueren 197','1000','Bruxelles','+32481216970','$2a$10$N9qo8uLOickgx2ZMRZoMyeIjZAgcfl7p92ldGxad68LJZdL17lhWy','BE4762704828148932','BBRUBEBB','2024-10-03 20:59:00',1),
(7,'Dubois','Rose','rose.dubois7@example.be','Boulevard Anspach 126','1080','Molenbeek','+32461217301','$2a$10$N9qo8uLOickgx2ZMRZoMyeIjZAgcfl7p92ldGxad68LJZdL17lhWy','BE5643039117182278','GKCCBEBB','2025-03-22 17:27:00',1),
(8,'Nguyen','Chloé','chloé.nguyen8@example.be','Chaussée d\'Ixelles 183','1140','Evere','+32479518373','$2a$10$N9qo8uLOickgx2ZMRZoMyeIjZAgcfl7p92ldGxad68LJZdL17lhWy','BE9557871331509839','GKCCBEBB','2024-12-28 18:03:00',1),
(9,'Janssens','Adam','adam.janssens9@example.be','Avenue Louise 221','1082','Berchem','+32481174299','$2a$10$N9qo8uLOickgx2ZMRZoMyeIjZAgcfl7p92ldGxad68LJZdL17lhWy','BE7534738299737631','GEBABEBB','2024-06-30 14:26:00',1),
(10,'Dupont','Juliette','juliette.dupont10@example.be','Rue Haute 16','1000','Bruxelles','+32485863587','$2a$10$N9qo8uLOickgx2ZMRZoMyeIjZAgcfl7p92ldGxad68LJZdL17lhWy','BE5313338726247317','GEBABEBB','2024-10-03 08:05:00',1),
(11,'Lemaire','Robin','robin.lemaire11@example.be','Chaussée de Charleroi 125','1030','Schaerbeek','+32490324130','$2a$10$N9qo8uLOickgx2ZMRZoMyeIjZAgcfl7p92ldGxad68LJZdL17lhWy','BE6102606474687234','GKCCBEBB','2024-10-23 19:34:00',0),
(12,'Moreau','Louise','louise.moreau12@example.be','Avenue Louise 150','1050','Ixelles','+32490627276','$2a$10$N9qo8uLOickgx2ZMRZoMyeIjZAgcfl7p92ldGxad68LJZdL17lhWy','BE7720812191361939','GEBABEBB','2024-08-02 18:37:00',1),
(13,'Toussaint','Noé','noé.toussaint13@example.be','Avenue de Tervueren 53','1060','Saint-Gilles','+32480350280','$2a$10$N9qo8uLOickgx2ZMRZoMyeIjZAgcfl7p92ldGxad68LJZdL17lhWy','BE4362475107991183','BBRUBEBB','2024-06-27 09:56:00',1),
(14,'Henry','Inès','inès.henry14@example.be','Rue du Trône 113','1070','Anderlecht','+32494837715','$2a$10$N9qo8uLOickgx2ZMRZoMyeIjZAgcfl7p92ldGxad68LJZdL17lhWy','BE4898084124118244','GKCCBEBB','2024-04-14 18:40:00',1),
(15,'Servais','Nathan','nathan.servais15@example.be','Avenue de Tervueren 232','1190','Forest','+32463196781','$2a$10$N9qo8uLOickgx2ZMRZoMyeIjZAgcfl7p92ldGxad68LJZdL17lhWy','BE9164005242786801','GEBABEBB','2024-12-19 10:34:00',0),
(16,'Henry','Noah','noah.henry16@example.be','Avenue de la Couronne 111','1080','Molenbeek','+32468143860','$2a$10$N9qo8uLOickgx2ZMRZoMyeIjZAgcfl7p92ldGxad68LJZdL17lhWy','BE4950533158692322','CTBKBEBX','2025-01-12 13:50:00',1),
(17,'Lopez','Théo','théo.lopez17@example.be','Rue Neuve 69','1081','Koekelberg','+32470925622','$2a$10$N9qo8uLOickgx2ZMRZoMyeIjZAgcfl7p92ldGxad68LJZdL17lhWy','BE9916073375433036','BBRUBEBB','2024-02-05 20:17:00',1),
(18,'Garcia','Ethan','ethan.garcia18@example.be','Avenue Brugmann 174','1090','Jette','+32494447235','$2a$10$N9qo8uLOickgx2ZMRZoMyeIjZAgcfl7p92ldGxad68LJZdL17lhWy','BE1314294019655698','GEBABEBB','2024-10-22 11:16:00',1),
(19,'Declercq','Noah','noah.declercq19@example.be','Rue de la Loi 134','1200','Woluwe-Saint-Lambert','+32494820221','$2a$10$N9qo8uLOickgx2ZMRZoMyeIjZAgcfl7p92ldGxad68LJZdL17lhWy','BE9535615951484656','BBRUBEBB','2024-04-08 14:42:00',1),
(20,'Bauwens','Mohamed','mohamed.bauwens20@example.be','Rue du Trône 158','1160','Auderghem','+32496415568','$2a$10$N9qo8uLOickgx2ZMRZoMyeIjZAgcfl7p92ldGxad68LJZdL17lhWy','BE6180443699577738','CTBKBEBX','2025-02-11 19:10:00',1),
(21,'Peeters','Nour','nour.peeters21@example.be','Boulevard Anspach 24','1070','Anderlecht','+32475805477','$2a$10$N9qo8uLOickgx2ZMRZoMyeIjZAgcfl7p92ldGxad68LJZdL17lhWy','BE4933200379176936','CTBKBEBX','2024-03-16 18:44:00',1),
(22,'Maes','Lucas','lucas.maes22@example.be','Chaussée de Charleroi 57','1140','Evere','+32471943170','$2a$10$N9qo8uLOickgx2ZMRZoMyeIjZAgcfl7p92ldGxad68LJZdL17lhWy','BE9987083172788957','CTBKBEBX','2024-10-07 15:57:00',0),
(23,'Body','Hugo','hugo.body23@example.be','Avenue de Tervueren 193','1190','Forest','+32475980660','$2a$10$N9qo8uLOickgx2ZMRZoMyeIjZAgcfl7p92ldGxad68LJZdL17lhWy','BE9148734714345581','GKCCBEBB','2024-07-15 19:09:00',1),
(24,'De Smet','Lola','lola.desmet24@example.be','Chaussée de Charleroi 105','1180','Uccle','+32481668969','$2a$10$N9qo8uLOickgx2ZMRZoMyeIjZAgcfl7p92ldGxad68LJZdL17lhWy','BE6960366909670546','CTBKBEBX','2025-01-11 16:51:00',1),
(25,'Dumont','Elias','elias.dumont25@example.be','Rue Neuve 70','1190','Forest','+32487609232','$2a$10$N9qo8uLOickgx2ZMRZoMyeIjZAgcfl7p92ldGxad68LJZdL17lhWy','BE1365627298069901','CTBKBEBX','2024-08-24 10:03:00',1),
(26,'Renard','Nathan','nathan.renard26@example.be','Chaussée d\'Ixelles 117','1060','Saint-Gilles','+32480453894','$2a$10$N9qo8uLOickgx2ZMRZoMyeIjZAgcfl7p92ldGxad68LJZdL17lhWy','BE5846417080531003','GKCCBEBB','2024-11-14 10:15:00',0),
(27,'Body','Jules','jules.body27@example.be','Rue Haute 145','1000','Bruxelles','+32473587623','$2a$10$N9qo8uLOickgx2ZMRZoMyeIjZAgcfl7p92ldGxad68LJZdL17lhWy','BE9945299124190496','CTBKBEBX','2024-04-11 09:37:00',0),
(28,'Silva','Imran','imran.silva28@example.be','Rue Haute 179','1040','Etterbeek','+32479991597','$2a$10$N9qo8uLOickgx2ZMRZoMyeIjZAgcfl7p92ldGxad68LJZdL17lhWy','BE9791905865185067','GEBABEBB','2024-07-04 18:57:00',1),
(29,'Declercq','Juliette','juliette.declercq29@example.be','Chaussée de Charleroi 46','1030','Schaerbeek','+32493782054','$2a$10$N9qo8uLOickgx2ZMRZoMyeIjZAgcfl7p92ldGxad68LJZdL17lhWy','BE4498776945314737','CTBKBEBX','2024-09-10 13:11:00',1),
(30,'De Smet','Eva','eva.desmet30@example.be','Avenue de Tervueren 88','1060','Saint-Gilles','+32477725113','$2a$10$N9qo8uLOickgx2ZMRZoMyeIjZAgcfl7p92ldGxad68LJZdL17lhWy','BE9948083136783777','GEBABEBB','2024-04-23 14:44:00',1),
(31,'Lefebvre','Inès','inès.lefebvre31@example.be','Rue du Bailli 122','1000','Bruxelles','+32495656711','$2a$10$N9qo8uLOickgx2ZMRZoMyeIjZAgcfl7p92ldGxad68LJZdL17lhWy','BE5468557444313518','GKCCBEBB','2025-01-13 15:17:00',1),
(32,'Haddad','Axel','axel.haddad32@example.be','Rue Belliard 26','1140','Evere','+32472410636','$2a$10$N9qo8uLOickgx2ZMRZoMyeIjZAgcfl7p92ldGxad68LJZdL17lhWy','BE3952408240084271','GEBABEBB','2024-08-28 15:28:00',1),
(33,'Goossens','Manon','manon.goossens33@example.be','Avenue de Tervueren 241','1050','Ixelles','+32490219629','$2a$10$N9qo8uLOickgx2ZMRZoMyeIjZAgcfl7p92ldGxad68LJZdL17lhWy','BE1867190229413186','GKCCBEBB','2024-07-13 15:58:00',1),
(34,'Lefebvre','Maxime','maxime.lefebvre34@example.be','Chaussée de Charleroi 79','1081','Koekelberg','+32496751194','$2a$10$N9qo8uLOickgx2ZMRZoMyeIjZAgcfl7p92ldGxad68LJZdL17lhWy','BE1791334123281206','CTBKBEBX','2024-08-28 12:02:00',1),
(35,'Laurent','Adam','adam.laurent35@example.be','Rue Belliard 180','1160','Auderghem','+32489174637','$2a$10$N9qo8uLOickgx2ZMRZoMyeIjZAgcfl7p92ldGxad68LJZdL17lhWy','BE9734936183242102','BBRUBEBB','2025-02-26 17:58:00',1),
(36,'Pirard','Raphaël','raphaël.pirard36@example.be','Rue Antoine Dansaert 177','1180','Uccle','+32479833723','$2a$10$N9qo8uLOickgx2ZMRZoMyeIjZAgcfl7p92ldGxad68LJZdL17lhWy','BE6148877190659401','GKCCBEBB','2025-03-04 17:37:00',0),
(37,'Bauwens','Emma','emma.bauwens37@example.be','Avenue de Tervueren 148','1081','Koekelberg','+32462900177','$2a$10$N9qo8uLOickgx2ZMRZoMyeIjZAgcfl7p92ldGxad68LJZdL17lhWy','BE3278742967175655','GEBABEBB','2024-06-17 14:44:00',0),
(38,'Laurent','Eva','eva.laurent38@example.be','Avenue Brugmann 209','1000','Bruxelles','+32495138479','$2a$10$N9qo8uLOickgx2ZMRZoMyeIjZAgcfl7p92ldGxad68LJZdL17lhWy','BE6815451680876038','BBRUBEBB','2024-09-12 18:28:00',1),
(39,'Dupont','Robin','robin.dupont39@example.be','Avenue de Tervueren 141','1040','Etterbeek','+32468402020','$2a$10$N9qo8uLOickgx2ZMRZoMyeIjZAgcfl7p92ldGxad68LJZdL17lhWy','BE6671093248086131','CTBKBEBX','2024-11-27 10:31:00',0),
(40,'Laurent','Lola','lola.laurent40@example.be','Avenue de Tervueren 107','1090','Jette','+32490595158','$2a$10$N9qo8uLOickgx2ZMRZoMyeIjZAgcfl7p92ldGxad68LJZdL17lhWy','BE4178263982146584','GEBABEBB','2024-06-01 17:37:00',1);
INSERT INTO `users` (`id`,`last_name`,`first_name`,`email`,`adresse`,`postal_code`,`locality`,`phone`,`password`,`iban`,`bic`,`created_at`,`is_verified`) VALUES
(41,'Antoine','Nour','nour.antoine41@example.be','Avenue de la Couronne 115','1081','Koekelberg','+32494607868','$2a$10$N9qo8uLOickgx2ZMRZoMyeIjZAgcfl7p92ldGxad68LJZdL17lhWy','BE5458867533963605','CTBKBEBX','2025-02-19 14:24:00',1),
(42,'Garcia','Nour','nour.garcia42@example.be','Avenue de la Toison d\'Or 247','1030','Schaerbeek','+32462232378','$2a$10$N9qo8uLOickgx2ZMRZoMyeIjZAgcfl7p92ldGxad68LJZdL17lhWy','BE7495171870262174','BBRUBEBB','2024-07-22 18:05:00',1),
(43,'Bauwens','Manon','manon.bauwens43@example.be','Avenue Brugmann 245','1081','Koekelberg','+32480757246','$2a$10$N9qo8uLOickgx2ZMRZoMyeIjZAgcfl7p92ldGxad68LJZdL17lhWy','BE7280913431611724','GEBABEBB','2025-02-11 08:18:00',1),
(44,'Henry','Ethan','ethan.henry44@example.be','Avenue de la Couronne 63','1200','Woluwe-Saint-Lambert','+32493532067','$2a$10$N9qo8uLOickgx2ZMRZoMyeIjZAgcfl7p92ldGxad68LJZdL17lhWy','BE8222219693792374','CTBKBEBX','2024-01-05 20:29:00',1),
(45,'Bauwens','Raphaël','raphaël.bauwens45@example.be','Rue du Trône 19','1090','Jette','+32488462351','$2a$10$N9qo8uLOickgx2ZMRZoMyeIjZAgcfl7p92ldGxad68LJZdL17lhWy','BE8546474367136959','BBRUBEBB','2024-05-31 08:53:00',0),
(46,'Charlier','Nour','nour.charlier46@example.be','Rue de la Loi 145','1070','Anderlecht','+32463735863','$2a$10$N9qo8uLOickgx2ZMRZoMyeIjZAgcfl7p92ldGxad68LJZdL17lhWy','BE7343953394210470','BBRUBEBB','2024-02-16 12:20:00',1),
(47,'Collin','Margaux','margaux.collin47@example.be','Chaussée d\'Ixelles 34','1030','Schaerbeek','+32494483629','$2a$10$N9qo8uLOickgx2ZMRZoMyeIjZAgcfl7p92ldGxad68LJZdL17lhWy','BE7784247451712368','BBRUBEBB','2024-07-21 08:16:00',1),
(48,'Jacobs','Aaron','aaron.jacobs48@example.be','Rue du Bailli 173','1190','Forest','+32476712955','$2a$10$N9qo8uLOickgx2ZMRZoMyeIjZAgcfl7p92ldGxad68LJZdL17lhWy','BE5851370985931746','GEBABEBB','2024-01-20 12:31:00',1),
(49,'Maes','Olivia','olivia.maes49@example.be','Avenue de la Couronne 100','1040','Etterbeek','+32489489033','$2a$10$N9qo8uLOickgx2ZMRZoMyeIjZAgcfl7p92ldGxad68LJZdL17lhWy','BE9586926179640537','CTBKBEBX','2025-03-13 13:06:00',0),
(50,'Henry','Maya','maya.henry50@example.be','Rue du Bailli 16','1090','Jette','+32485389282','$2a$10$N9qo8uLOickgx2ZMRZoMyeIjZAgcfl7p92ldGxad68LJZdL17lhWy','BE3417139005329318','GKCCBEBB','2025-02-20 11:21:00',1),
(51,'Willems','Nina','nina.willems51@example.be','Rue de la Loi 71','1140','Evere','+32469236306','$2a$10$N9qo8uLOickgx2ZMRZoMyeIjZAgcfl7p92ldGxad68LJZdL17lhWy','BE7942102053950240','GKCCBEBB','2024-09-26 09:47:00',1),
(52,'Body','Liam','liam.body52@example.be','Rue du Bailli 132','1190','Forest','+32497214351','$2a$10$N9qo8uLOickgx2ZMRZoMyeIjZAgcfl7p92ldGxad68LJZdL17lhWy','BE6783908470076617','CTBKBEBX','2024-02-11 13:38:00',1),
(53,'Janssens','Alice','alice.janssens53@example.be','Avenue de Tervueren 160','1030','Schaerbeek','+32497674993','$2a$10$N9qo8uLOickgx2ZMRZoMyeIjZAgcfl7p92ldGxad68LJZdL17lhWy','BE5169847896118367','GKCCBEBB','2025-02-27 15:25:00',1),
(54,'Maes','Théo','théo.maes54@example.be','Chaussée de Charleroi 81','1060','Saint-Gilles','+32476492483','$2a$10$N9qo8uLOickgx2ZMRZoMyeIjZAgcfl7p92ldGxad68LJZdL17lhWy','BE2971111615280988','BBRUBEBB','2024-07-29 13:55:00',1),
(55,'Gérard','Nour','nour.gérard55@example.be','Avenue Louise 248','1081','Koekelberg','+32478729575','$2a$10$N9qo8uLOickgx2ZMRZoMyeIjZAgcfl7p92ldGxad68LJZdL17lhWy','BE4951983273158514','GKCCBEBB','2025-03-08 16:49:00',0),
(56,'Costa','Romane','romane.costa56@example.be','Rue de la Loi 156','1000','Bruxelles','+32477130359','$2a$10$N9qo8uLOickgx2ZMRZoMyeIjZAgcfl7p92ldGxad68LJZdL17lhWy','BE3344550229612018','GKCCBEBB','2024-08-20 13:10:00',1),
(57,'Lefebvre','Jade','jade.lefebvre57@example.be','Boulevard Anspach 199','1160','Auderghem','+32496725185','$2a$10$N9qo8uLOickgx2ZMRZoMyeIjZAgcfl7p92ldGxad68LJZdL17lhWy','BE2002290147679764','GKCCBEBB','2024-02-28 13:27:00',1),
(58,'Laurent','Olivia','olivia.laurent58@example.be','Avenue de la Toison d\'Or 135','1000','Bruxelles','+32479147623','$2a$10$N9qo8uLOickgx2ZMRZoMyeIjZAgcfl7p92ldGxad68LJZdL17lhWy','BE3869003432445107','CTBKBEBX','2024-07-13 16:45:00',1),
(59,'Servais','Adam','adam.servais59@example.be','Rue du Bailli 19','1090','Jette','+32485878086','$2a$10$N9qo8uLOickgx2ZMRZoMyeIjZAgcfl7p92ldGxad68LJZdL17lhWy','BE1560715969664160','BBRUBEBB','2024-11-12 15:53:00',1),
(60,'Henry','Imran','imran.henry60@example.be','Chaussée de Charleroi 217','1180','Uccle','+32466355135','$2a$10$N9qo8uLOickgx2ZMRZoMyeIjZAgcfl7p92ldGxad68LJZdL17lhWy','BE6596816453521818','GKCCBEBB','2024-06-27 13:46:00',0),
(61,'Willems','Clara','clara.willems61@example.be','Rue Haute 38','1040','Etterbeek','+32476306854','$2a$10$N9qo8uLOickgx2ZMRZoMyeIjZAgcfl7p92ldGxad68LJZdL17lhWy','BE3292127799799552','CTBKBEBX','2024-08-14 18:19:00',1),
(62,'Haddad','Camille','camille.haddad62@example.be','Rue du Bailli 130','1050','Ixelles','+32464425486','$2a$10$N9qo8uLOickgx2ZMRZoMyeIjZAgcfl7p92ldGxad68LJZdL17lhWy','BE6970054119986798','GEBABEBB','2025-02-18 17:41:00',1),
(63,'Moreau','Gabriel','gabriel.moreau63@example.be','Avenue de la Toison d\'Or 129','1080','Molenbeek','+32469164879','$2a$10$N9qo8uLOickgx2ZMRZoMyeIjZAgcfl7p92ldGxad68LJZdL17lhWy','BE6715182037788925','BBRUBEBB','2024-07-17 14:49:00',0),
(64,'Bauwens','Manon','manon.bauwens64@example.be','Avenue Louise 203','1080','Molenbeek','+32481169113','$2a$10$N9qo8uLOickgx2ZMRZoMyeIjZAgcfl7p92ldGxad68LJZdL17lhWy','BE5218644925192546','GKCCBEBB','2024-02-13 12:35:00',1),
(65,'Garcia','Mohamed','mohamed.garcia65@example.be','Boulevard Anspach 209','1140','Evere','+32468802667','$2a$10$N9qo8uLOickgx2ZMRZoMyeIjZAgcfl7p92ldGxad68LJZdL17lhWy','BE9981685054235733','GKCCBEBB','2024-05-31 20:06:00',1),
(66,'Nguyen','Sacha','sacha.nguyen66@example.be','Avenue Louise 170','1081','Koekelberg','+32481903531','$2a$10$N9qo8uLOickgx2ZMRZoMyeIjZAgcfl7p92ldGxad68LJZdL17lhWy','BE8929622292706537','BBRUBEBB','2025-02-05 15:14:00',1),
(67,'Lemaire','Aaron','aaron.lemaire67@example.be','Avenue de la Toison d\'Or 232','1070','Anderlecht','+32472485709','$2a$10$N9qo8uLOickgx2ZMRZoMyeIjZAgcfl7p92ldGxad68LJZdL17lhWy','BE9697746886239240','CTBKBEBX','2024-10-10 09:45:00',0),
(68,'Jacobs','Rose','rose.jacobs68@example.be','Chaussée de Wavre 196','1070','Anderlecht','+32470386042','$2a$10$N9qo8uLOickgx2ZMRZoMyeIjZAgcfl7p92ldGxad68LJZdL17lhWy','BE6782613750606853','CTBKBEBX','2024-07-10 11:01:00',0),
(69,'Maes','Victor','victor.maes69@example.be','Boulevard Anspach 203','1081','Koekelberg','+32469244283','$2a$10$N9qo8uLOickgx2ZMRZoMyeIjZAgcfl7p92ldGxad68LJZdL17lhWy','BE1447277901043289','CTBKBEBX','2024-05-27 11:19:00',1),
(70,'Dupont','Olivia','olivia.dupont70@example.be','Chaussée de Charleroi 164','1040','Etterbeek','+32499579318','$2a$10$N9qo8uLOickgx2ZMRZoMyeIjZAgcfl7p92ldGxad68LJZdL17lhWy','BE1817980893246095','GKCCBEBB','2024-04-05 18:42:00',1),
(71,'Toussaint','Mila','mila.toussaint71@example.be','Chaussée de Wavre 245','1060','Saint-Gilles','+32493670511','$2a$10$N9qo8uLOickgx2ZMRZoMyeIjZAgcfl7p92ldGxad68LJZdL17lhWy','BE7488067065405153','GEBABEBB','2025-01-11 20:21:00',1),
(72,'Martin','Jules','jules.martin72@example.be','Boulevard Anspach 209','1060','Saint-Gilles','+32471970720','$2a$10$N9qo8uLOickgx2ZMRZoMyeIjZAgcfl7p92ldGxad68LJZdL17lhWy','BE9777221704303054','CTBKBEBX','2024-10-05 15:16:00',0),
(73,'Garcia','Noah','noah.garcia73@example.be','Rue Belliard 92','1040','Etterbeek','+32463787584','$2a$10$N9qo8uLOickgx2ZMRZoMyeIjZAgcfl7p92ldGxad68LJZdL17lhWy','BE5241566765277584','GEBABEBB','2024-02-10 14:38:00',1),
(74,'Nguyen','Léa','léa.nguyen74@example.be','Boulevard Anspach 27','1070','Anderlecht','+32465443848','$2a$10$N9qo8uLOickgx2ZMRZoMyeIjZAgcfl7p92ldGxad68LJZdL17lhWy','BE9444796275705964','GEBABEBB','2024-11-22 14:23:00',1),
(75,'Bauwens','Sacha','sacha.bauwens75@example.be','Rue de la Loi 37','1030','Schaerbeek','+32498811027','$2a$10$N9qo8uLOickgx2ZMRZoMyeIjZAgcfl7p92ldGxad68LJZdL17lhWy','BE6602135569092755','CTBKBEBX','2024-10-20 10:33:00',1),
(76,'Charlier','Jade','jade.charlier76@example.be','Avenue de Tervueren 64','1060','Saint-Gilles','+32467127172','$2a$10$N9qo8uLOickgx2ZMRZoMyeIjZAgcfl7p92ldGxad68LJZdL17lhWy','BE3378681447394731','GKCCBEBB','2024-08-19 10:57:00',0),
(77,'Pirard','Lola','lola.pirard77@example.be','Boulevard Anspach 171','1180','Uccle','+32482844007','$2a$10$N9qo8uLOickgx2ZMRZoMyeIjZAgcfl7p92ldGxad68LJZdL17lhWy','BE1888442258313237','GEBABEBB','2024-10-20 13:29:00',1),
(78,'Mertens','Lucie','lucie.mertens78@example.be','Chaussée de Wavre 17','1080','Molenbeek','+32479517500','$2a$10$N9qo8uLOickgx2ZMRZoMyeIjZAgcfl7p92ldGxad68LJZdL17lhWy','BE7186691251778528','GKCCBEBB','2024-03-07 14:32:00',1),
(79,'Jacobs','Louise','louise.jacobs79@example.be','Avenue de la Couronne 78','1090','Jette','+32470269834','$2a$10$N9qo8uLOickgx2ZMRZoMyeIjZAgcfl7p92ldGxad68LJZdL17lhWy','BE5135841438424981','GKCCBEBB','2024-10-24 10:10:00',1),
(80,'Costa','Nour','nour.costa80@example.be','Boulevard Anspach 216','1160','Auderghem','+32496143195','$2a$10$N9qo8uLOickgx2ZMRZoMyeIjZAgcfl7p92ldGxad68LJZdL17lhWy','BE1310943969078447','GKCCBEBB','2024-12-16 14:19:00',0);
INSERT INTO `users` (`id`,`last_name`,`first_name`,`email`,`adresse`,`postal_code`,`locality`,`phone`,`password`,`iban`,`bic`,`created_at`,`is_verified`) VALUES
(81,'Janssens','Juliette','juliette.janssens81@example.be','Avenue Louise 41','1160','Auderghem','+32488535810','$2a$10$N9qo8uLOickgx2ZMRZoMyeIjZAgcfl7p92ldGxad68LJZdL17lhWy','BE7173592555625881','BBRUBEBB','2024-03-03 12:28:00',1),
(82,'Willems','Inès','inès.willems82@example.be','Avenue Louise 75','1180','Uccle','+32484745270','$2a$10$N9qo8uLOickgx2ZMRZoMyeIjZAgcfl7p92ldGxad68LJZdL17lhWy','BE6332595327877470','GEBABEBB','2024-09-15 15:15:00',0),
(83,'Haddad','Chloé','chloé.haddad83@example.be','Avenue Louise 13','1060','Saint-Gilles','+32478618934','$2a$10$N9qo8uLOickgx2ZMRZoMyeIjZAgcfl7p92ldGxad68LJZdL17lhWy','BE8674801624565060','GKCCBEBB','2024-05-27 09:24:00',1),
(84,'Pirard','Sacha','sacha.pirard84@example.be','Avenue de Tervueren 212','1140','Evere','+32499813449','$2a$10$N9qo8uLOickgx2ZMRZoMyeIjZAgcfl7p92ldGxad68LJZdL17lhWy','BE8812165585239868','GEBABEBB','2024-03-11 19:21:00',1),
(85,'Toussaint','Tom','tom.toussaint85@example.be','Avenue de la Couronne 156','1190','Forest','+32492246570','$2a$10$N9qo8uLOickgx2ZMRZoMyeIjZAgcfl7p92ldGxad68LJZdL17lhWy','BE5195269495888794','CTBKBEBX','2024-07-07 13:43:00',0),
(86,'Collin','Olivia','olivia.collin86@example.be','Rue Belliard 204','1080','Molenbeek','+32461725905','$2a$10$N9qo8uLOickgx2ZMRZoMyeIjZAgcfl7p92ldGxad68LJZdL17lhWy','BE7049930972896230','GEBABEBB','2024-08-13 13:26:00',1),
(87,'Collin','Alice','alice.collin87@example.be','Chaussée d\'Ixelles 106','1160','Auderghem','+32492912617','$2a$10$N9qo8uLOickgx2ZMRZoMyeIjZAgcfl7p92ldGxad68LJZdL17lhWy','BE8870283857865278','BBRUBEBB','2024-12-12 20:55:00',1),
(88,'Bauwens','Axel','axel.bauwens88@example.be','Avenue de Tervueren 157','1000','Bruxelles','+32490301603','$2a$10$N9qo8uLOickgx2ZMRZoMyeIjZAgcfl7p92ldGxad68LJZdL17lhWy','BE4148434437575844','GEBABEBB','2024-10-05 14:57:00',1),
(89,'Bonnet','Lina','lina.bonnet89@example.be','Avenue de la Couronne 75','1140','Evere','+32462401602','$2a$10$N9qo8uLOickgx2ZMRZoMyeIjZAgcfl7p92ldGxad68LJZdL17lhWy','BE2057473384842199','GKCCBEBB','2024-12-08 16:14:00',1),
(90,'Dumont','Yanis','yanis.dumont90@example.be','Rue Haute 106','1050','Ixelles','+32481852204','$2a$10$N9qo8uLOickgx2ZMRZoMyeIjZAgcfl7p92ldGxad68LJZdL17lhWy','BE7012082677345401','GKCCBEBB','2025-01-05 08:58:00',1),
(91,'Collin','Léa','léa.collin91@example.be','Rue du Trône 240','1082','Berchem','+32462976822','$2a$10$N9qo8uLOickgx2ZMRZoMyeIjZAgcfl7p92ldGxad68LJZdL17lhWy','BE6072400499154788','CTBKBEBX','2024-03-09 16:29:00',0),
(92,'Wouters','Camille','camille.wouters92@example.be','Rue Haute 85','1140','Evere','+32470866634','$2a$10$N9qo8uLOickgx2ZMRZoMyeIjZAgcfl7p92ldGxad68LJZdL17lhWy','BE6842054932966851','CTBKBEBX','2024-04-04 10:30:00',1),
(93,'Lemaire','Victor','victor.lemaire93@example.be','Avenue de Tervueren 99','1050','Ixelles','+32475568436','$2a$10$N9qo8uLOickgx2ZMRZoMyeIjZAgcfl7p92ldGxad68LJZdL17lhWy','BE4454990453017426','BBRUBEBB','2024-11-23 12:23:00',1),
(94,'Dumont','Romane','romane.dumont94@example.be','Avenue de la Couronne 123','1040','Etterbeek','+32469577079','$2a$10$N9qo8uLOickgx2ZMRZoMyeIjZAgcfl7p92ldGxad68LJZdL17lhWy','BE8756878339187851','GEBABEBB','2024-10-07 16:12:00',1),
(95,'Nguyen','Noé','noé.nguyen95@example.be','Rue du Trône 84','1030','Schaerbeek','+32493563303','$2a$10$N9qo8uLOickgx2ZMRZoMyeIjZAgcfl7p92ldGxad68LJZdL17lhWy','BE2439718707286790','CTBKBEBX','2024-06-06 19:01:00',1),
(96,'Leroy','Lina','lina.leroy96@example.be','Rue de la Loi 191','1081','Koekelberg','+32473706403','$2a$10$N9qo8uLOickgx2ZMRZoMyeIjZAgcfl7p92ldGxad68LJZdL17lhWy','BE1906518017046226','BBRUBEBB','2024-07-14 15:55:00',0),
(97,'Renard','Mohamed','mohamed.renard97@example.be','Avenue de la Couronne 168','1180','Uccle','+32482224395','$2a$10$N9qo8uLOickgx2ZMRZoMyeIjZAgcfl7p92ldGxad68LJZdL17lhWy','BE3286823004786863','GKCCBEBB','2024-03-20 12:12:00',1),
(98,'Jacobs','Axel','axel.jacobs98@example.be','Chaussée de Charleroi 158','1050','Ixelles','+32461352356','$2a$10$N9qo8uLOickgx2ZMRZoMyeIjZAgcfl7p92ldGxad68LJZdL17lhWy','BE3611907903067383','GEBABEBB','2024-05-28 11:52:00',1),
(99,'Benali','Axel','axel.benali99@example.be','Boulevard Anspach 61','1060','Saint-Gilles','+32479250219','$2a$10$N9qo8uLOickgx2ZMRZoMyeIjZAgcfl7p92ldGxad68LJZdL17lhWy','BE9483644089268705','CTBKBEBX','2024-06-12 19:26:00',1),
(100,'Willems','Théo','théo.willems100@example.be','Avenue Brugmann 48','1070','Anderlecht','+32494596520','$2a$10$N9qo8uLOickgx2ZMRZoMyeIjZAgcfl7p92ldGxad68LJZdL17lhWy','BE4034270866882634','GKCCBEBB','2024-02-10 15:54:00',1),
(101,'Peeters','Jade','jade.peeters101@example.be','Chaussée d\'Ixelles 14','1090','Jette','+32477495489','$2a$10$N9qo8uLOickgx2ZMRZoMyeIjZAgcfl7p92ldGxad68LJZdL17lhWy','BE9699013983735403','GKCCBEBB','2024-03-01 19:48:00',0),
(102,'Lemaire','Tom','tom.lemaire102@example.be','Chaussée d\'Ixelles 102','1160','Auderghem','+32475678897','$2a$10$N9qo8uLOickgx2ZMRZoMyeIjZAgcfl7p92ldGxad68LJZdL17lhWy','BE5146785445877175','GKCCBEBB','2024-07-30 08:36:00',1),
(103,'Willems','Adam','adam.willems103@example.be','Avenue de Tervueren 142','1050','Ixelles','+32497707275','$2a$10$N9qo8uLOickgx2ZMRZoMyeIjZAgcfl7p92ldGxad68LJZdL17lhWy','BE6342353693785477','CTBKBEBX','2025-02-11 13:10:00',1),
(104,'Nguyen','Jules','jules.nguyen104@example.be','Rue du Trône 235','1190','Forest','+32494772985','$2a$10$N9qo8uLOickgx2ZMRZoMyeIjZAgcfl7p92ldGxad68LJZdL17lhWy','BE1780100623120387','BBRUBEBB','2024-11-22 18:59:00',1),
(105,'Body','Romane','romane.body105@example.be','Avenue de la Toison d\'Or 5','1000','Bruxelles','+32460658065','$2a$10$N9qo8uLOickgx2ZMRZoMyeIjZAgcfl7p92ldGxad68LJZdL17lhWy','BE8060084840862118','GKCCBEBB','2024-11-13 16:16:00',1),
(106,'Simon','Ethan','ethan.simon106@example.be','Avenue Brugmann 21','1140','Evere','+32483525750','$2a$10$N9qo8uLOickgx2ZMRZoMyeIjZAgcfl7p92ldGxad68LJZdL17lhWy','BE6893341016668700','GKCCBEBB','2025-03-08 14:41:00',1),
(107,'Benali','Manon','manon.benali107@example.be','Rue Haute 230','1081','Koekelberg','+32493144618','$2a$10$N9qo8uLOickgx2ZMRZoMyeIjZAgcfl7p92ldGxad68LJZdL17lhWy','BE3939740148902503','GKCCBEBB','2024-12-30 14:59:00',1),
(108,'Lefebvre','Liam','liam.lefebvre108@example.be','Rue Neuve 146','1030','Schaerbeek','+32484809922','$2a$10$N9qo8uLOickgx2ZMRZoMyeIjZAgcfl7p92ldGxad68LJZdL17lhWy','BE7956218501631599','CTBKBEBX','2024-06-16 08:40:00',0),
(109,'Pirard','Camille','camille.pirard109@example.be','Rue Neuve 92','1190','Forest','+32495493663','$2a$10$N9qo8uLOickgx2ZMRZoMyeIjZAgcfl7p92ldGxad68LJZdL17lhWy','BE6529619431142626','BBRUBEBB','2024-02-16 08:19:00',1),
(110,'Henry','Maxime','maxime.henry110@example.be','Avenue de Tervueren 27','1140','Evere','+32468191537','$2a$10$N9qo8uLOickgx2ZMRZoMyeIjZAgcfl7p92ldGxad68LJZdL17lhWy','BE3367888610158199','BBRUBEBB','2024-01-07 12:26:00',0),
(111,'Peeters','Mohamed','mohamed.peeters111@example.be','Rue Neuve 147','1160','Auderghem','+32493277820','$2a$10$N9qo8uLOickgx2ZMRZoMyeIjZAgcfl7p92ldGxad68LJZdL17lhWy','BE9762244472126464','CTBKBEBX','2024-07-03 12:15:00',1),
(112,'Silva','Axel','axel.silva112@example.be','Chaussée d\'Ixelles 118','1190','Forest','+32466242071','$2a$10$N9qo8uLOickgx2ZMRZoMyeIjZAgcfl7p92ldGxad68LJZdL17lhWy','BE4806596575692459','GKCCBEBB','2024-03-31 14:20:00',1),
(113,'Vermeulen','Raphaël','raphaël.vermeulen113@example.be','Avenue de la Toison d\'Or 248','1000','Bruxelles','+32496919959','$2a$10$N9qo8uLOickgx2ZMRZoMyeIjZAgcfl7p92ldGxad68LJZdL17lhWy','BE4156465193982807','GKCCBEBB','2024-05-29 19:04:00',1),
(114,'Bauwens','Théo','théo.bauwens114@example.be','Avenue de la Couronne 163','1190','Forest','+32479353777','$2a$10$N9qo8uLOickgx2ZMRZoMyeIjZAgcfl7p92ldGxad68LJZdL17lhWy','BE4226617979688680','BBRUBEBB','2025-02-19 16:38:00',1),
(115,'Peeters','Yanis','yanis.peeters115@example.be','Rue Neuve 169','1180','Uccle','+32482274418','$2a$10$N9qo8uLOickgx2ZMRZoMyeIjZAgcfl7p92ldGxad68LJZdL17lhWy','BE9290965610143888','GKCCBEBB','2024-07-19 15:49:00',1),
(116,'Haddad','Maya','maya.haddad116@example.be','Avenue de la Couronne 89','1160','Auderghem','+32461606222','$2a$10$N9qo8uLOickgx2ZMRZoMyeIjZAgcfl7p92ldGxad68LJZdL17lhWy','BE2346112545738757','GEBABEBB','2024-12-22 15:20:00',1),
(117,'Lefebvre','Liam','liam.lefebvre117@example.be','Rue Haute 6','1050','Ixelles','+32481779445','$2a$10$N9qo8uLOickgx2ZMRZoMyeIjZAgcfl7p92ldGxad68LJZdL17lhWy','BE2323828258673622','CTBKBEBX','2025-01-12 17:56:00',1),
(118,'Pirard','Gabriel','gabriel.pirard118@example.be','Chaussée de Charleroi 100','1080','Molenbeek','+32460838968','$2a$10$N9qo8uLOickgx2ZMRZoMyeIjZAgcfl7p92ldGxad68LJZdL17lhWy','BE3734191825537147','BBRUBEBB','2024-11-08 14:37:00',1),
(119,'Bonnet','Olivia','olivia.bonnet119@example.be','Rue Antoine Dansaert 159','1060','Saint-Gilles','+32471953266','$2a$10$N9qo8uLOickgx2ZMRZoMyeIjZAgcfl7p92ldGxad68LJZdL17lhWy','BE9649912513412528','CTBKBEBX','2024-03-11 17:24:00',1),
(120,'Goossens','Anna','anna.goossens120@example.be','Rue du Trône 143','1190','Forest','+32470613426','$2a$10$N9qo8uLOickgx2ZMRZoMyeIjZAgcfl7p92ldGxad68LJZdL17lhWy','BE4622579050723688','CTBKBEBX','2024-09-08 14:45:00',1);

INSERT INTO `user_role` (`id`,`user_id`,`role_id`) VALUES
(1,1,3),
(2,1,2),
(3,2,2),
(4,3,2),
(5,4,2),
(6,5,2),
(7,6,2),
(8,7,2),
(9,8,2),
(10,9,2),
(11,10,2),
(12,11,2),
(13,12,2),
(14,13,2),
(15,14,2),
(16,15,2),
(17,16,2),
(18,17,2),
(19,18,2),
(20,19,2),
(21,20,2),
(22,21,2),
(23,22,2),
(24,23,2),
(25,24,2),
(26,25,2),
(27,26,2),
(28,27,2),
(29,28,2),
(30,29,2),
(31,30,2),
(32,31,2),
(33,32,2),
(34,33,2),
(35,34,2),
(36,35,2),
(37,36,2),
(38,37,2),
(39,38,2),
(40,39,2);
INSERT INTO `user_role` (`id`,`user_id`,`role_id`) VALUES
(41,40,2),
(42,41,2),
(43,42,2),
(44,43,2),
(45,44,2),
(46,45,2),
(47,46,2),
(48,47,2),
(49,48,2),
(50,49,2),
(51,50,2),
(52,51,2),
(53,52,2),
(54,53,2),
(55,54,2),
(56,55,2),
(57,56,2),
(58,57,2),
(59,58,2),
(60,59,2),
(61,60,2),
(62,61,2),
(63,62,2),
(64,63,2),
(65,64,2),
(66,65,2),
(67,66,2),
(68,67,2),
(69,68,2),
(70,69,2),
(71,70,2),
(72,71,2),
(73,72,2),
(74,73,2),
(75,74,2),
(76,75,2),
(77,76,2),
(78,77,2),
(79,78,2),
(80,79,2);
INSERT INTO `user_role` (`id`,`user_id`,`role_id`) VALUES
(81,80,2),
(82,81,2),
(83,82,2),
(84,83,2),
(85,84,2),
(86,85,2),
(87,86,2),
(88,87,2),
(89,88,2),
(90,89,2),
(91,90,2),
(92,91,2),
(93,92,2),
(94,93,2),
(95,94,2),
(96,95,2),
(97,96,2),
(98,97,2),
(99,98,2),
(100,99,2),
(101,100,2),
(102,101,2),
(103,102,2),
(104,103,2),
(105,104,2),
(106,105,2),
(107,106,2),
(108,107,2),
(109,108,2),
(110,109,2),
(111,110,2),
(112,111,2),
(113,112,2),
(114,113,2),
(115,114,2),
(116,115,2),
(117,116,2),
(118,117,2),
(119,118,2),
(120,119,2);
INSERT INTO `user_role` (`id`,`user_id`,`role_id`) VALUES
(121,120,2);

INSERT INTO `documents` (`id`,`document_type`,`file_path`,`user_id`) VALUES
(1,'ID_CARD','/uploads/docs/id_1.pdf',1),
(2,'ID_CARD','/uploads/docs/id_2.pdf',2),
(3,'ID_CARD','/uploads/docs/id_3.pdf',3),
(4,'PROOF_OF_ADDRESS','/uploads/docs/addr_3.pdf',3),
(5,'ID_CARD','/uploads/docs/id_4.pdf',4),
(6,'PROOF_OF_ADDRESS','/uploads/docs/addr_4.pdf',4),
(7,'ID_CARD','/uploads/docs/id_5.pdf',5),
(8,'ID_CARD','/uploads/docs/id_6.pdf',6),
(9,'PROOF_OF_ADDRESS','/uploads/docs/addr_6.pdf',6),
(10,'ID_CARD','/uploads/docs/id_7.pdf',7),
(11,'PROOF_OF_ADDRESS','/uploads/docs/addr_7.pdf',7),
(12,'ID_CARD','/uploads/docs/id_8.pdf',8),
(13,'ID_CARD','/uploads/docs/id_9.pdf',9),
(14,'PROOF_OF_ADDRESS','/uploads/docs/addr_9.pdf',9),
(15,'ID_CARD','/uploads/docs/id_10.pdf',10),
(16,'ID_CARD','/uploads/docs/id_11.pdf',11),
(17,'ID_CARD','/uploads/docs/id_12.pdf',12),
(18,'ID_CARD','/uploads/docs/id_13.pdf',13),
(19,'ID_CARD','/uploads/docs/id_14.pdf',14),
(20,'PROOF_OF_ADDRESS','/uploads/docs/addr_14.pdf',14),
(21,'ID_CARD','/uploads/docs/id_15.pdf',15),
(22,'PROOF_OF_ADDRESS','/uploads/docs/addr_15.pdf',15),
(23,'ID_CARD','/uploads/docs/id_16.pdf',16),
(24,'ID_CARD','/uploads/docs/id_17.pdf',17),
(25,'ID_CARD','/uploads/docs/id_18.pdf',18),
(26,'ID_CARD','/uploads/docs/id_19.pdf',19),
(27,'ID_CARD','/uploads/docs/id_20.pdf',20),
(28,'PROOF_OF_ADDRESS','/uploads/docs/addr_20.pdf',20),
(29,'ID_CARD','/uploads/docs/id_21.pdf',21),
(30,'ID_CARD','/uploads/docs/id_22.pdf',22),
(31,'ID_CARD','/uploads/docs/id_23.pdf',23),
(32,'ID_CARD','/uploads/docs/id_24.pdf',24),
(33,'PROOF_OF_ADDRESS','/uploads/docs/addr_24.pdf',24),
(34,'ID_CARD','/uploads/docs/id_25.pdf',25),
(35,'ID_CARD','/uploads/docs/id_26.pdf',26),
(36,'ID_CARD','/uploads/docs/id_27.pdf',27),
(37,'PROOF_OF_ADDRESS','/uploads/docs/addr_27.pdf',27),
(38,'ID_CARD','/uploads/docs/id_28.pdf',28),
(39,'ID_CARD','/uploads/docs/id_29.pdf',29),
(40,'ID_CARD','/uploads/docs/id_30.pdf',30);
INSERT INTO `documents` (`id`,`document_type`,`file_path`,`user_id`) VALUES
(41,'PROOF_OF_ADDRESS','/uploads/docs/addr_30.pdf',30),
(42,'ID_CARD','/uploads/docs/id_31.pdf',31),
(43,'ID_CARD','/uploads/docs/id_32.pdf',32),
(44,'ID_CARD','/uploads/docs/id_33.pdf',33),
(45,'ID_CARD','/uploads/docs/id_34.pdf',34),
(46,'ID_CARD','/uploads/docs/id_35.pdf',35),
(47,'PROOF_OF_ADDRESS','/uploads/docs/addr_35.pdf',35),
(48,'ID_CARD','/uploads/docs/id_36.pdf',36),
(49,'ID_CARD','/uploads/docs/id_37.pdf',37),
(50,'ID_CARD','/uploads/docs/id_38.pdf',38),
(51,'ID_CARD','/uploads/docs/id_39.pdf',39),
(52,'ID_CARD','/uploads/docs/id_40.pdf',40),
(53,'ID_CARD','/uploads/docs/id_41.pdf',41),
(54,'PROOF_OF_ADDRESS','/uploads/docs/addr_41.pdf',41),
(55,'ID_CARD','/uploads/docs/id_42.pdf',42),
(56,'PROOF_OF_ADDRESS','/uploads/docs/addr_42.pdf',42),
(57,'ID_CARD','/uploads/docs/id_43.pdf',43),
(58,'PROOF_OF_ADDRESS','/uploads/docs/addr_43.pdf',43),
(59,'ID_CARD','/uploads/docs/id_44.pdf',44),
(60,'PROOF_OF_ADDRESS','/uploads/docs/addr_44.pdf',44),
(61,'ID_CARD','/uploads/docs/id_45.pdf',45),
(62,'PROOF_OF_ADDRESS','/uploads/docs/addr_45.pdf',45),
(63,'ID_CARD','/uploads/docs/id_46.pdf',46),
(64,'ID_CARD','/uploads/docs/id_47.pdf',47),
(65,'PROOF_OF_ADDRESS','/uploads/docs/addr_47.pdf',47),
(66,'ID_CARD','/uploads/docs/id_48.pdf',48),
(67,'ID_CARD','/uploads/docs/id_49.pdf',49),
(68,'PROOF_OF_ADDRESS','/uploads/docs/addr_49.pdf',49),
(69,'ID_CARD','/uploads/docs/id_50.pdf',50),
(70,'ID_CARD','/uploads/docs/id_51.pdf',51),
(71,'PROOF_OF_ADDRESS','/uploads/docs/addr_51.pdf',51),
(72,'ID_CARD','/uploads/docs/id_52.pdf',52),
(73,'PROOF_OF_ADDRESS','/uploads/docs/addr_52.pdf',52),
(74,'ID_CARD','/uploads/docs/id_53.pdf',53),
(75,'ID_CARD','/uploads/docs/id_54.pdf',54),
(76,'ID_CARD','/uploads/docs/id_55.pdf',55),
(77,'ID_CARD','/uploads/docs/id_56.pdf',56),
(78,'PROOF_OF_ADDRESS','/uploads/docs/addr_56.pdf',56),
(79,'ID_CARD','/uploads/docs/id_57.pdf',57),
(80,'ID_CARD','/uploads/docs/id_58.pdf',58);
INSERT INTO `documents` (`id`,`document_type`,`file_path`,`user_id`) VALUES
(81,'ID_CARD','/uploads/docs/id_59.pdf',59),
(82,'ID_CARD','/uploads/docs/id_60.pdf',60),
(83,'ID_CARD','/uploads/docs/id_61.pdf',61),
(84,'ID_CARD','/uploads/docs/id_62.pdf',62),
(85,'PROOF_OF_ADDRESS','/uploads/docs/addr_62.pdf',62),
(86,'ID_CARD','/uploads/docs/id_63.pdf',63),
(87,'ID_CARD','/uploads/docs/id_64.pdf',64),
(88,'PROOF_OF_ADDRESS','/uploads/docs/addr_64.pdf',64),
(89,'ID_CARD','/uploads/docs/id_65.pdf',65),
(90,'ID_CARD','/uploads/docs/id_66.pdf',66),
(91,'ID_CARD','/uploads/docs/id_67.pdf',67),
(92,'ID_CARD','/uploads/docs/id_68.pdf',68),
(93,'ID_CARD','/uploads/docs/id_69.pdf',69),
(94,'ID_CARD','/uploads/docs/id_70.pdf',70),
(95,'ID_CARD','/uploads/docs/id_71.pdf',71),
(96,'PROOF_OF_ADDRESS','/uploads/docs/addr_71.pdf',71),
(97,'ID_CARD','/uploads/docs/id_72.pdf',72),
(98,'ID_CARD','/uploads/docs/id_73.pdf',73),
(99,'ID_CARD','/uploads/docs/id_74.pdf',74),
(100,'ID_CARD','/uploads/docs/id_75.pdf',75),
(101,'ID_CARD','/uploads/docs/id_76.pdf',76),
(102,'PROOF_OF_ADDRESS','/uploads/docs/addr_76.pdf',76),
(103,'ID_CARD','/uploads/docs/id_77.pdf',77),
(104,'ID_CARD','/uploads/docs/id_78.pdf',78),
(105,'PROOF_OF_ADDRESS','/uploads/docs/addr_78.pdf',78),
(106,'ID_CARD','/uploads/docs/id_79.pdf',79),
(107,'ID_CARD','/uploads/docs/id_80.pdf',80),
(108,'ID_CARD','/uploads/docs/id_81.pdf',81),
(109,'ID_CARD','/uploads/docs/id_82.pdf',82),
(110,'PROOF_OF_ADDRESS','/uploads/docs/addr_82.pdf',82),
(111,'ID_CARD','/uploads/docs/id_83.pdf',83),
(112,'PROOF_OF_ADDRESS','/uploads/docs/addr_83.pdf',83),
(113,'ID_CARD','/uploads/docs/id_84.pdf',84),
(114,'ID_CARD','/uploads/docs/id_85.pdf',85),
(115,'ID_CARD','/uploads/docs/id_86.pdf',86),
(116,'ID_CARD','/uploads/docs/id_87.pdf',87),
(117,'ID_CARD','/uploads/docs/id_88.pdf',88),
(118,'ID_CARD','/uploads/docs/id_89.pdf',89),
(119,'ID_CARD','/uploads/docs/id_90.pdf',90),
(120,'PROOF_OF_ADDRESS','/uploads/docs/addr_90.pdf',90);
INSERT INTO `documents` (`id`,`document_type`,`file_path`,`user_id`) VALUES
(121,'ID_CARD','/uploads/docs/id_91.pdf',91),
(122,'ID_CARD','/uploads/docs/id_92.pdf',92),
(123,'PROOF_OF_ADDRESS','/uploads/docs/addr_92.pdf',92),
(124,'ID_CARD','/uploads/docs/id_93.pdf',93),
(125,'ID_CARD','/uploads/docs/id_94.pdf',94),
(126,'PROOF_OF_ADDRESS','/uploads/docs/addr_94.pdf',94),
(127,'ID_CARD','/uploads/docs/id_95.pdf',95),
(128,'PROOF_OF_ADDRESS','/uploads/docs/addr_95.pdf',95),
(129,'ID_CARD','/uploads/docs/id_96.pdf',96),
(130,'ID_CARD','/uploads/docs/id_97.pdf',97),
(131,'PROOF_OF_ADDRESS','/uploads/docs/addr_97.pdf',97),
(132,'ID_CARD','/uploads/docs/id_98.pdf',98),
(133,'ID_CARD','/uploads/docs/id_99.pdf',99),
(134,'ID_CARD','/uploads/docs/id_100.pdf',100),
(135,'ID_CARD','/uploads/docs/id_101.pdf',101),
(136,'PROOF_OF_ADDRESS','/uploads/docs/addr_101.pdf',101),
(137,'ID_CARD','/uploads/docs/id_102.pdf',102),
(138,'ID_CARD','/uploads/docs/id_103.pdf',103),
(139,'PROOF_OF_ADDRESS','/uploads/docs/addr_103.pdf',103),
(140,'ID_CARD','/uploads/docs/id_104.pdf',104),
(141,'PROOF_OF_ADDRESS','/uploads/docs/addr_104.pdf',104),
(142,'ID_CARD','/uploads/docs/id_105.pdf',105),
(143,'ID_CARD','/uploads/docs/id_106.pdf',106),
(144,'ID_CARD','/uploads/docs/id_107.pdf',107),
(145,'PROOF_OF_ADDRESS','/uploads/docs/addr_107.pdf',107),
(146,'ID_CARD','/uploads/docs/id_108.pdf',108),
(147,'ID_CARD','/uploads/docs/id_109.pdf',109),
(148,'ID_CARD','/uploads/docs/id_110.pdf',110),
(149,'PROOF_OF_ADDRESS','/uploads/docs/addr_110.pdf',110),
(150,'ID_CARD','/uploads/docs/id_111.pdf',111),
(151,'ID_CARD','/uploads/docs/id_112.pdf',112),
(152,'PROOF_OF_ADDRESS','/uploads/docs/addr_112.pdf',112),
(153,'ID_CARD','/uploads/docs/id_113.pdf',113),
(154,'ID_CARD','/uploads/docs/id_114.pdf',114),
(155,'PROOF_OF_ADDRESS','/uploads/docs/addr_114.pdf',114),
(156,'ID_CARD','/uploads/docs/id_115.pdf',115),
(157,'ID_CARD','/uploads/docs/id_116.pdf',116),
(158,'PROOF_OF_ADDRESS','/uploads/docs/addr_116.pdf',116),
(159,'ID_CARD','/uploads/docs/id_117.pdf',117),
(160,'ID_CARD','/uploads/docs/id_118.pdf',118);
INSERT INTO `documents` (`id`,`document_type`,`file_path`,`user_id`) VALUES
(161,'PROOF_OF_ADDRESS','/uploads/docs/addr_118.pdf',118),
(162,'ID_CARD','/uploads/docs/id_119.pdf',119),
(163,'ID_CARD','/uploads/docs/id_120.pdf',120),
(164,'PROOF_OF_ADDRESS','/uploads/docs/addr_120.pdf',120);

INSERT INTO `prices` (`id`,`high_price`,`low_price`,`middle_price`,`promo_1`,`promo_2`) VALUES
(1,16,10,13,8,20),
(2,19,10,13,10,12),
(3,20,15,17,5,15),
(4,15,8,11,10,20),
(5,17,12,14,10,15),
(6,17,8,13,8,12),
(7,17,9,14,10,12),
(8,17,8,12,8,12),
(9,19,12,15,5,20),
(10,20,14,16,8,15),
(11,22,15,18,8,20),
(12,24,15,20,5,12),
(13,17,9,11,8,15),
(14,17,10,13,8,20),
(15,16,8,11,10,12),
(16,23,15,19,10,20),
(17,23,14,17,8,20),
(18,17,8,11,8,12),
(19,17,9,14,10,12),
(20,18,10,14,8,20),
(21,20,12,16,8,12),
(22,13,8,10,8,12),
(23,16,8,10,10,15),
(24,26,15,20,10,15),
(25,16,8,11,5,15),
(26,15,8,11,10,15),
(27,19,12,14,10,15),
(28,21,15,18,5,12),
(29,20,12,14,10,20),
(30,16,8,12,5,12),
(31,21,15,18,5,15),
(32,18,10,14,8,12),
(33,22,15,19,5,15),
(34,19,12,16,8,20),
(35,22,14,16,8,20),
(36,18,10,12,10,12),
(37,18,10,13,5,20),
(38,21,15,17,10,20),
(39,13,8,10,5,12),
(40,22,12,16,5,12);
INSERT INTO `prices` (`id`,`high_price`,`low_price`,`middle_price`,`promo_1`,`promo_2`) VALUES
(41,17,8,13,8,12),
(42,21,12,16,5,20),
(43,15,10,12,5,12),
(44,22,14,16,5,15),
(45,19,10,14,5,20),
(46,19,12,14,5,15),
(47,22,14,18,8,15),
(48,23,14,19,10,20),
(49,15,9,12,8,12),
(50,16,9,13,8,12),
(51,25,15,20,5,12),
(52,23,14,17,8,12),
(53,16,9,13,5,12),
(54,24,14,19,8,20),
(55,14,8,10,10,15),
(56,16,8,10,10,12),
(57,18,9,13,8,15),
(58,24,15,19,8,15),
(59,15,9,11,5,20),
(60,14,8,11,5,15),
(61,22,12,16,5,20),
(62,19,10,13,8,15),
(63,15,10,12,5,20),
(64,16,10,12,8,12),
(65,16,8,11,8,20),
(66,17,8,12,5,12),
(67,21,12,17,5,15),
(68,14,8,11,5,12),
(69,16,9,12,8,15),
(70,22,15,17,5,12),
(71,17,8,11,5,12),
(72,15,10,12,8,12),
(73,20,9,14,8,12),
(74,21,12,17,8,12),
(75,18,9,13,8,12),
(76,16,8,11,8,15),
(77,22,14,19,5,15),
(78,21,12,15,5,20),
(79,20,14,17,8,20),
(80,21,10,15,8,20);
INSERT INTO `prices` (`id`,`high_price`,`low_price`,`middle_price`,`promo_1`,`promo_2`) VALUES
(81,24,14,18,8,12),
(82,16,8,12,5,15),
(83,18,8,13,10,12),
(84,15,9,11,10,12),
(85,16,10,12,10,15),
(86,17,10,13,5,20),
(87,17,10,14,10,20),
(88,17,10,13,8,20),
(89,19,10,13,5,12),
(90,15,8,11,5,20),
(91,19,12,14,10,12),
(92,17,9,13,8,12),
(93,15,8,11,5,20),
(94,17,10,12,10,20),
(95,19,12,14,8,15),
(96,18,9,12,10,15),
(97,23,15,19,10,20),
(98,23,15,19,10,20),
(99,19,9,14,10,20),
(100,17,10,13,10,12),
(101,23,15,20,5,20),
(102,16,10,13,8,12),
(103,16,10,12,8,15),
(104,16,9,11,8,12),
(105,17,10,13,10,12),
(106,17,10,14,10,12),
(107,19,8,13,10,15),
(108,20,9,14,8,15),
(109,22,14,19,8,20),
(110,22,15,18,8,12),
(111,15,8,12,8,15),
(112,15,8,10,5,15),
(113,14,9,11,8,20),
(114,22,14,19,8,20),
(115,18,9,14,5,12),
(116,17,10,13,8,20),
(117,23,14,18,8,12),
(118,16,8,10,10,20),
(119,18,12,15,8,12),
(120,19,12,14,10,20);

INSERT INTO `bikes` (`id`,`brand`,`model`,`adresse`,`postal_code`,`locality`,`frame_number`,`purchase_year`,`offer`,`reservation_mode`,`bike_type`,`wheel_size`,`gears`,`is_electric`,`frame_size`,`registration_path`,`category_id`,`user_id`,`latitude`,`longitude`,`online`,`price_id`) VALUES
(1,'Tern','Link','Rue de la Loi 53','1180','Uccle','BK279130','2023-05-03','Location à la journée','MANUAL','FOLDING','20"',3,0,'L','/uploads/reg/bike_1.pdf',5,26,50.858488,4.346513,0,1),
(2,'Oxford','City 7','Avenue Brugmann 95','1060','Saint-Gilles','BK295646','2021-01-09','Location à la journée','AUTOMATIC','CITY','28"',8,0,'L','/uploads/reg/bike_2.pdf',1,24,50.836425,4.308136,1,2),
(3,'Granville','E-Absolute','Chaussée de Charleroi 249','1090','Jette','BK893202','2022-04-18','Location à la journée','MANUAL','CITY','29"',21,1,'XL','/uploads/reg/bike_3.pdf',1,104,50.837271,4.318277,1,3),
(4,'Btwin','500 16"','Avenue de la Couronne 31','1080','Molenbeek','BK893969','2021-03-06','Location à la journée','AUTOMATIC','KIDS','27.5"',7,0,'S','/uploads/reg/bike_4.pdf',7,65,50.822337,4.408594,1,4),
(5,'Woom','3','Chaussée de Wavre 23','1082','Berchem','BK506951','2022-07-18','Location à la journée','MANUAL','KIDS','28"',24,0,'S','/uploads/reg/bike_5.pdf',7,41,50.858655,4.364767,1,5),
(6,'Oxford','City 7','Rue Haute 237','1030','Schaerbeek','BK210766','2022-02-26','Location à la journée','AUTOMATIC','CITY','28"',21,0,'L','/uploads/reg/bike_6.pdf',1,20,50.818304,4.34827,1,6),
(7,'Scott','Aspect 950','Avenue Brugmann 10','1030','Schaerbeek','BK515018','2020-12-08','Location à la journée','MANUAL','MTB','29"',11,1,'L','/uploads/reg/bike_7.pdf',2,52,50.782023,4.388086,1,7),
(8,'Cube','Cubie 120','Rue Haute 249','1160','Auderghem','BK339030','2019-05-24','Location à la journée','MANUAL','KIDS','28"',11,0,'XL','/uploads/reg/bike_8.pdf',7,110,50.840498,4.300714,1,8),
(9,'Yuba','Spicy Curry','Rue du Bailli 211','1090','Jette','BK158936','2022-03-03','Location à la journée','AUTOMATIC','CARGO','29"',7,0,'S','/uploads/reg/bike_9.pdf',6,98,50.797374,4.395022,1,9),
(10,'Cube','Aim Pro','Rue du Bailli 181','1050','Ixelles','BK308781','2020-06-27','Location à la journée','MANUAL','MTB','29"',3,0,'S','/uploads/reg/bike_10.pdf',2,59,50.804194,4.348654,1,10),
(11,'Dahon','Mariner D8','Avenue de Tervueren 192','1030','Schaerbeek','BK971230','2023-02-10','Location à la journée','AUTOMATIC','FOLDING','20"',1,1,'M','/uploads/reg/bike_11.pdf',5,45,50.865382,4.38358,1,11),
(12,'Urban Arrow','Family','Avenue de Tervueren 167','1040','Etterbeek','BK529399','2022-01-28','Location à la journée','MANUAL','CARGO','26"',24,0,'M','/uploads/reg/bike_12.pdf',6,87,50.844737,4.362137,1,12),
(13,'Dahon','Mariner D8','Avenue de Tervueren 109','1160','Auderghem','BK494763','2024-06-15','Location à la journée','AUTOMATIC','FOLDING','20"',24,0,'L','/uploads/reg/bike_13.pdf',5,92,50.84772,4.388917,1,13),
(14,'Granville','E-Absolute','Rue Belliard 77','1000','Bruxelles','BK817659','2018-08-03','Location à la journée','MANUAL','CITY','28"',18,0,'L','/uploads/reg/bike_14.pdf',1,72,50.806115,4.375331,0,14),
(15,'Trek','Marlin 7','Rue Neuve 231','1140','Evere','BK159532','2024-10-13','Location à la journée','MANUAL','MTB','27.5"',1,0,'XL','/uploads/reg/bike_15.pdf',2,67,50.879747,4.321131,1,15),
(16,'Babboe','City','Chaussée d\'Ixelles 88','1160','Auderghem','BK861842','2023-04-22','Location à la journée','AUTOMATIC','CARGO','29"',18,0,'L','/uploads/reg/bike_16.pdf',6,75,50.864542,4.390877,0,16),
(17,'Canyon','Endurace 7','Avenue de Tervueren 186','1030','Schaerbeek','BK947609','2022-03-22','Location à la journée','MANUAL','ROAD','26"',8,0,'L','/uploads/reg/bike_17.pdf',3,61,50.802333,4.394572,1,17),
(18,'Specialized','Allez','Rue Antoine Dansaert 218','1070','Anderlecht','BK223502','2021-01-28','Location à la journée','MANUAL','ROAD','26"',24,0,'M','/uploads/reg/bike_18.pdf',3,75,50.830048,4.3941,1,18),
(19,'Cowboy','4 ST','Avenue de la Couronne 36','1081','Koekelberg','BK310026','2020-07-19','Location à la journée','MANUAL','ELECTRIC','29"',7,1,'L','/uploads/reg/bike_19.pdf',4,112,50.866239,4.311643,1,19),
(20,'Urban Arrow','Family','Avenue Louise 2','1000','Bruxelles','BK574012','2020-04-25','Location à la journée','MANUAL','CARGO','27.5"',24,0,'S','/uploads/reg/bike_20.pdf',6,41,50.792941,4.342045,1,20),
(21,'Cube','Reaction Hybrid','Chaussée d\'Ixelles 188','1050','Ixelles','BK491225','2018-06-25','Location à la journée','MANUAL','ELECTRIC','27.5"',1,1,'S','/uploads/reg/bike_21.pdf',4,1,50.842669,4.319859,1,21),
(22,'Bianchi','Via Nirone','Rue Belliard 43','1200','Woluwe-Saint-Lambert','BK168458','2024-01-10','Location à la journée','MANUAL','ROAD','29"',18,0,'XL','/uploads/reg/bike_22.pdf',3,14,50.868797,4.409457,1,22),
(23,'Bianchi','Via Nirone','Avenue Brugmann 5','1082','Berchem','BK339513','2019-12-05','Location à la journée','MANUAL','ROAD','26"',7,0,'S','/uploads/reg/bike_23.pdf',3,22,50.816659,4.368065,1,23),
(24,'Btwin','500 16"','Rue Haute 168','1050','Ixelles','BK976735','2018-01-23','Location à la journée','AUTOMATIC','KIDS','29"',21,0,'S','/uploads/reg/bike_24.pdf',7,77,50.834728,4.346928,1,24),
(25,'Giant','Contend','Avenue de Tervueren 160','1180','Uccle','BK735053','2023-03-14','Location à la journée','AUTOMATIC','ROAD','26"',3,0,'L','/uploads/reg/bike_25.pdf',3,85,50.791401,4.302752,1,25),
(26,'Woom','3','Chaussée d\'Ixelles 92','1090','Jette','BK837606','2021-05-06','Location à la journée','AUTOMATIC','KIDS','29"',8,1,'XL','/uploads/reg/bike_26.pdf',7,107,50.81306,4.290329,1,26),
(27,'Cube','Cubie 120','Chaussée de Wavre 186','1180','Uccle','BK858724','2018-05-21','Location à la journée','MANUAL','KIDS','28"',11,0,'XL','/uploads/reg/bike_27.pdf',7,20,50.785008,4.387581,0,27),
(28,'Specialized','Allez','Rue Haute 25','1160','Auderghem','BK992596','2024-01-01','Location à la journée','AUTOMATIC','ROAD','27.5"',18,0,'L','/uploads/reg/bike_28.pdf',3,55,50.869453,4.404611,1,28),
(29,'Specialized','Allez','Avenue Brugmann 103','1180','Uccle','BK578715','2020-07-23','Location à la journée','AUTOMATIC','ROAD','29"',7,0,'S','/uploads/reg/bike_29.pdf',3,24,50.793251,4.377169,0,29),
(30,'Oxford','City 7','Avenue de la Toison d\'Or 206','1080','Molenbeek','BK696580','2023-08-06','Location à la journée','MANUAL','CITY','28"',1,0,'M','/uploads/reg/bike_30.pdf',1,117,50.828308,4.348575,0,30),
(31,'Btwin','Elops 520','Boulevard Anspach 4','1000','Bruxelles','BK838793','2024-11-17','Location à la journée','MANUAL','CITY','27.5"',18,0,'S','/uploads/reg/bike_31.pdf',1,34,50.823285,4.377198,1,31),
(32,'Cube','Aim Pro','Rue du Trône 130','1000','Bruxelles','BK990079','2021-08-28','Location à la journée','MANUAL','MTB','29"',18,0,'M','/uploads/reg/bike_32.pdf',2,2,50.813089,4.323379,1,32),
(33,'VanMoof','S5','Rue Antoine Dansaert 206','1190','Forest','BK700870','2021-02-28','Location à la journée','AUTOMATIC','ELECTRIC','29"',24,1,'L','/uploads/reg/bike_33.pdf',4,11,50.791871,4.349685,1,33),
(34,'Cube','Reaction Hybrid','Rue de la Loi 212','1090','Jette','BK195310','2024-10-20','Location à la journée','AUTOMATIC','ELECTRIC','28"',8,1,'XL','/uploads/reg/bike_34.pdf',4,5,50.875036,4.333601,1,34),
(35,'Cube','Cubie 120','Avenue de la Toison d\'Or 184','1090','Jette','BK789089','2020-12-15','Location à la journée','MANUAL','KIDS','27.5"',1,0,'L','/uploads/reg/bike_35.pdf',7,43,50.815514,4.366039,1,35),
(36,'Babboe','City','Rue du Trône 127','1082','Berchem','BK247271','2024-12-24','Location à la journée','MANUAL','CARGO','26"',11,0,'M','/uploads/reg/bike_36.pdf',6,6,50.798754,4.401626,1,36),
(37,'Frog','44','Rue Haute 194','1060','Saint-Gilles','BK534603','2018-11-27','Location à la journée','MANUAL','KIDS','26"',24,0,'XL','/uploads/reg/bike_37.pdf',7,92,50.845846,4.404743,1,37),
(38,'Btwin','Elops 520','Chaussée de Charleroi 215','1082','Berchem','BK713543','2021-09-25','Location à la journée','MANUAL','CITY','27.5"',7,0,'M','/uploads/reg/bike_38.pdf',1,71,50.790355,4.368903,1,38),
(39,'Tern','Link','Rue Neuve 71','1080','Molenbeek','BK517196','2020-05-15','Location à la journée','MANUAL','FOLDING','20"',7,0,'XL','/uploads/reg/bike_39.pdf',5,54,50.840252,4.396372,1,39),
(40,'Urban Arrow','Family','Rue Belliard 176','1040','Etterbeek','BK462066','2023-03-23','Location à la journée','MANUAL','CARGO','27.5"',18,0,'S','/uploads/reg/bike_40.pdf',6,26,50.856078,4.357474,1,40);
INSERT INTO `bikes` (`id`,`brand`,`model`,`adresse`,`postal_code`,`locality`,`frame_number`,`purchase_year`,`offer`,`reservation_mode`,`bike_type`,`wheel_size`,`gears`,`is_electric`,`frame_size`,`registration_path`,`category_id`,`user_id`,`latitude`,`longitude`,`online`,`price_id`) VALUES
(41,'Riese & Müller','Load','Chaussée de Charleroi 207','1081','Koekelberg','BK113390','2022-02-01','Location à la journée','MANUAL','CARGO','26"',1,0,'M','/uploads/reg/bike_41.pdf',6,113,50.806698,4.384264,0,41),
(42,'Cube','Aim Pro','Rue Belliard 53','1140','Evere','BK890200','2022-01-12','Location à la journée','MANUAL','MTB','26"',8,0,'XL','/uploads/reg/bike_42.pdf',2,89,50.80376,4.384117,1,42),
(43,'Babboe','City','Avenue Brugmann 107','1200','Woluwe-Saint-Lambert','BK926394','2023-06-18','Location à la journée','MANUAL','CARGO','28"',8,1,'XL','/uploads/reg/bike_43.pdf',6,119,50.862998,4.399378,1,43),
(44,'Frog','44','Chaussée d\'Ixelles 76','1160','Auderghem','BK570616','2019-11-03','Location à la journée','AUTOMATIC','KIDS','27.5"',3,0,'XL','/uploads/reg/bike_44.pdf',7,100,50.784063,4.323493,1,44),
(45,'Dahon','Mariner D8','Rue Antoine Dansaert 182','1060','Saint-Gilles','BK262325','2018-03-11','Location à la journée','MANUAL','FOLDING','20"',11,0,'XL','/uploads/reg/bike_45.pdf',5,1,50.858991,4.356019,1,45),
(46,'Btwin','Tilt 500','Chaussée de Wavre 202','1090','Jette','BK629678','2019-07-18','Location à la journée','MANUAL','FOLDING','20"',3,0,'L','/uploads/reg/bike_46.pdf',5,24,50.80212,4.315602,1,46),
(47,'Bianchi','Via Nirone','Avenue de la Toison d\'Or 144','1080','Molenbeek','BK963699','2024-11-01','Location à la journée','AUTOMATIC','ROAD','28"',24,0,'M','/uploads/reg/bike_47.pdf',3,97,50.87045,4.363644,1,47),
(48,'Riese & Müller','Load','Rue Haute 99','1082','Berchem','BK369054','2022-12-10','Location à la journée','AUTOMATIC','CARGO','28"',24,1,'XL','/uploads/reg/bike_48.pdf',6,49,50.784385,4.397794,1,48),
(49,'Gazelle','Esprit','Rue de la Loi 161','1090','Jette','BK168652','2019-11-21','Location à la journée','MANUAL','CITY','29"',3,0,'M','/uploads/reg/bike_49.pdf',1,99,50.833775,4.374329,0,49),
(50,'Babboe','City','Avenue de la Couronne 7','1000','Bruxelles','BK581532','2023-06-02','Location à la journée','MANUAL','CARGO','26"',7,1,'L','/uploads/reg/bike_50.pdf',6,96,50.835808,4.358995,1,50),
(51,'Cube','Reaction Hybrid','Avenue Brugmann 111','1000','Bruxelles','BK431773','2018-07-22','Location à la journée','AUTOMATIC','ELECTRIC','26"',1,1,'S','/uploads/reg/bike_51.pdf',4,58,50.855596,4.360273,1,51),
(52,'Canyon','Endurace 7','Rue Belliard 156','1140','Evere','BK190707','2020-08-13','Location à la journée','MANUAL','ROAD','26"',24,0,'M','/uploads/reg/bike_52.pdf',3,38,50.833347,4.306366,1,52),
(53,'Urban Arrow','Family','Rue du Bailli 246','1000','Bruxelles','BK111691','2022-09-05','Location à la journée','MANUAL','CARGO','26"',21,0,'S','/uploads/reg/bike_53.pdf',6,39,50.810469,4.379796,0,53),
(54,'Merida','Big Nine','Avenue de la Couronne 42','1000','Bruxelles','BK292930','2019-10-27','Location à la journée','MANUAL','MTB','26"',7,0,'S','/uploads/reg/bike_54.pdf',2,116,50.865139,4.401884,0,54),
(55,'Babboe','City','Chaussée de Wavre 65','1000','Bruxelles','BK202972','2019-12-19','Location à la journée','AUTOMATIC','CARGO','28"',18,0,'M','/uploads/reg/bike_55.pdf',6,38,50.84713,4.318144,1,55),
(56,'Scott','Aspect 950','Boulevard Anspach 158','1190','Forest','BK791454','2020-12-19','Location à la journée','MANUAL','MTB','28"',18,0,'XL','/uploads/reg/bike_56.pdf',2,63,50.796864,4.327586,1,56),
(57,'Specialized','Allez','Boulevard Anspach 225','1000','Bruxelles','BK603268','2021-08-12','Location à la journée','AUTOMATIC','ROAD','29"',3,0,'M','/uploads/reg/bike_57.pdf',3,18,50.844555,4.299837,1,57),
(58,'Btwin','Tilt 500','Chaussée de Wavre 187','1160','Auderghem','BK179062','2018-09-21','Location à la journée','MANUAL','FOLDING','20"',21,1,'M','/uploads/reg/bike_58.pdf',5,34,50.87063,4.356191,1,58),
(59,'Urban Arrow','Family','Rue Neuve 229','1200','Woluwe-Saint-Lambert','BK909652','2022-12-28','Location à la journée','AUTOMATIC','CARGO','29"',3,0,'XL','/uploads/reg/bike_59.pdf',6,47,50.816387,4.291271,1,59),
(60,'Frog','44','Rue du Trône 145','1030','Schaerbeek','BK693297','2023-03-24','Location à la journée','AUTOMATIC','KIDS','28"',1,0,'M','/uploads/reg/bike_60.pdf',7,58,50.856147,4.31781,1,60),
(61,'Gazelle','Esprit','Rue du Bailli 100','1082','Berchem','BK592489','2021-01-02','Location à la journée','AUTOMATIC','CITY','28"',3,0,'L','/uploads/reg/bike_61.pdf',1,67,50.863487,4.321598,1,61),
(62,'Cube','Reaction Hybrid','Chaussée de Wavre 133','1080','Molenbeek','BK363807','2021-04-17','Location à la journée','AUTOMATIC','ELECTRIC','29"',18,1,'L','/uploads/reg/bike_62.pdf',4,47,50.828686,4.347853,1,62),
(63,'VanMoof','S5','Avenue de Tervueren 55','1180','Uccle','BK257538','2019-03-12','Location à la journée','MANUAL','ELECTRIC','26"',8,1,'XL','/uploads/reg/bike_63.pdf',4,30,50.861117,4.376431,1,63),
(64,'VanMoof','S5','Chaussée de Charleroi 6','1030','Schaerbeek','BK355506','2018-03-19','Location à la journée','AUTOMATIC','ELECTRIC','27.5"',7,1,'S','/uploads/reg/bike_64.pdf',4,76,50.86908,4.307624,1,64),
(65,'Tern','Link','Rue de la Loi 225','1080','Molenbeek','BK854500','2023-11-27','Location à la journée','AUTOMATIC','FOLDING','20"',3,0,'M','/uploads/reg/bike_65.pdf',5,77,50.82492,4.409133,0,65),
(66,'Merida','Big Nine','Rue du Trône 160','1030','Schaerbeek','BK791691','2022-05-06','Location à la journée','AUTOMATIC','MTB','28"',24,0,'S','/uploads/reg/bike_66.pdf',2,77,50.802981,4.336255,1,66),
(67,'Tern','Link','Rue Haute 46','1030','Schaerbeek','BK598985','2022-10-02','Location à la journée','AUTOMATIC','FOLDING','20"',3,0,'S','/uploads/reg/bike_67.pdf',5,106,50.828224,4.305639,1,67),
(68,'Cube','Cubie 120','Rue du Bailli 224','1200','Woluwe-Saint-Lambert','BK145548','2023-09-14','Location à la journée','AUTOMATIC','KIDS','29"',21,0,'L','/uploads/reg/bike_68.pdf',7,67,50.838905,4.378967,1,68),
(69,'VanMoof','S5','Rue Neuve 233','1190','Forest','BK187889','2020-10-18','Location à la journée','AUTOMATIC','ELECTRIC','29"',11,1,'M','/uploads/reg/bike_69.pdf',4,33,50.780547,4.379237,1,69),
(70,'Brompton','C Line','Chaussée d\'Ixelles 177','1000','Bruxelles','BK943356','2020-07-12','Location à la journée','MANUAL','FOLDING','20"',21,0,'L','/uploads/reg/bike_70.pdf',5,49,50.80613,4.354333,1,70),
(71,'Yuba','Spicy Curry','Chaussée de Charleroi 142','1040','Etterbeek','BK921861','2022-08-06','Location à la journée','AUTOMATIC','CARGO','29"',11,0,'L','/uploads/reg/bike_71.pdf',6,97,50.837765,4.382903,1,71),
(72,'Btwin','500 16"','Rue Antoine Dansaert 201','1040','Etterbeek','BK833281','2019-02-07','Location à la journée','AUTOMATIC','KIDS','28"',1,0,'M','/uploads/reg/bike_72.pdf',7,96,50.81891,4.366305,1,72),
(73,'Cube','Reaction Hybrid','Avenue de Tervueren 57','1180','Uccle','BK488848','2018-10-02','Location à la journée','AUTOMATIC','ELECTRIC','29"',21,1,'L','/uploads/reg/bike_73.pdf',4,12,50.851161,4.361697,0,73),
(74,'Yuba','Spicy Curry','Chaussée d\'Ixelles 218','1050','Ixelles','BK788793','2024-09-10','Location à la journée','AUTOMATIC','CARGO','27.5"',7,0,'S','/uploads/reg/bike_74.pdf',6,57,50.815974,4.368602,0,74),
(75,'Giant','Contend','Avenue Brugmann 104','1000','Bruxelles','BK714549','2019-09-01','Location à la journée','MANUAL','ROAD','26"',3,0,'L','/uploads/reg/bike_75.pdf',3,46,50.852614,4.357094,1,75),
(76,'Woom','3','Chaussée d\'Ixelles 117','1080','Molenbeek','BK523579','2022-01-09','Location à la journée','MANUAL','KIDS','26"',3,0,'L','/uploads/reg/bike_76.pdf',7,29,50.813997,4.304041,1,76),
(77,'Dahon','Mariner D8','Avenue Brugmann 145','1190','Forest','BK607122','2024-04-25','Location à la journée','MANUAL','FOLDING','20"',24,0,'XL','/uploads/reg/bike_77.pdf',5,89,50.869652,4.393443,1,77),
(78,'Oxford','City 7','Rue Neuve 174','1140','Evere','BK835236','2019-06-14','Location à la journée','MANUAL','CITY','26"',11,0,'M','/uploads/reg/bike_78.pdf',1,82,50.808729,4.337872,1,78),
(79,'Gazelle','Esprit','Rue du Bailli 56','1060','Saint-Gilles','BK701581','2020-03-24','Location à la journée','AUTOMATIC','CITY','27.5"',24,0,'M','/uploads/reg/bike_79.pdf',1,61,50.803486,4.319047,1,79),
(80,'Trek','Marlin 7','Rue du Bailli 40','1080','Molenbeek','BK916776','2018-02-03','Location à la journée','MANUAL','MTB','29"',1,0,'S','/uploads/reg/bike_80.pdf',2,108,50.864801,4.334544,1,80);
INSERT INTO `bikes` (`id`,`brand`,`model`,`adresse`,`postal_code`,`locality`,`frame_number`,`purchase_year`,`offer`,`reservation_mode`,`bike_type`,`wheel_size`,`gears`,`is_electric`,`frame_size`,`registration_path`,`category_id`,`user_id`,`latitude`,`longitude`,`online`,`price_id`) VALUES
(81,'VanMoof','S5','Avenue de Tervueren 102','1082','Berchem','BK332881','2024-10-05','Location à la journée','AUTOMATIC','ELECTRIC','26"',21,1,'XL','/uploads/reg/bike_81.pdf',4,98,50.873965,4.293908,1,81),
(82,'Cowboy','4 ST','Rue Antoine Dansaert 81','1090','Jette','BK822689','2018-01-22','Location à la journée','MANUAL','ELECTRIC','27.5"',21,1,'S','/uploads/reg/bike_82.pdf',4,90,50.812544,4.363533,1,82),
(83,'Scott','Aspect 950','Boulevard Anspach 94','1080','Molenbeek','BK292847','2021-07-07','Location à la journée','AUTOMATIC','MTB','28"',18,0,'XL','/uploads/reg/bike_83.pdf',2,61,50.807963,4.311587,1,83),
(84,'Btwin','500 16"','Rue Neuve 143','1070','Anderlecht','BK553214','2024-07-07','Location à la journée','MANUAL','KIDS','27.5"',24,0,'S','/uploads/reg/bike_84.pdf',7,93,50.797661,4.349952,0,84),
(85,'Cube','Cubie 120','Avenue Louise 102','1070','Anderlecht','BK203782','2023-03-02','Location à la journée','MANUAL','KIDS','28"',24,0,'S','/uploads/reg/bike_85.pdf',7,39,50.824985,4.330159,1,85),
(86,'Canyon','Endurace 7','Rue du Bailli 223','1180','Uccle','BK812597','2022-04-19','Location à la journée','MANUAL','ROAD','27.5"',11,0,'L','/uploads/reg/bike_86.pdf',3,53,50.812509,4.351253,1,86),
(87,'Oxford','City 7','Rue Antoine Dansaert 162','1070','Anderlecht','BK251884','2024-03-21','Location à la journée','AUTOMATIC','CITY','28"',21,0,'XL','/uploads/reg/bike_87.pdf',1,79,50.86489,4.298561,1,87),
(88,'Specialized','Allez','Avenue de Tervueren 155','1070','Anderlecht','BK775958','2021-05-15','Location à la journée','AUTOMATIC','ROAD','28"',24,0,'XL','/uploads/reg/bike_88.pdf',3,84,50.796732,4.392505,1,88),
(89,'Riese & Müller','Load','Chaussée de Wavre 54','1160','Auderghem','BK275018','2021-02-04','Location à la journée','AUTOMATIC','CARGO','29"',1,1,'S','/uploads/reg/bike_89.pdf',6,96,50.857093,4.352878,0,89),
(90,'Bianchi','Via Nirone','Avenue Brugmann 80','1000','Bruxelles','BK340497','2019-12-10','Location à la journée','MANUAL','ROAD','27.5"',7,0,'M','/uploads/reg/bike_90.pdf',3,11,50.782857,4.369626,0,90),
(91,'Cube','Cubie 120','Avenue de Tervueren 141','1081','Koekelberg','BK566453','2019-12-18','Location à la journée','AUTOMATIC','KIDS','29"',21,0,'L','/uploads/reg/bike_91.pdf',7,60,50.870892,4.347798,1,91),
(92,'Trek','Verve+ 2','Avenue de Tervueren 40','1200','Woluwe-Saint-Lambert','BK418319','2018-01-17','Location à la journée','MANUAL','ELECTRIC','27.5"',18,1,'L','/uploads/reg/bike_92.pdf',4,47,50.82692,4.290998,0,92),
(93,'Canyon','Endurace 7','Rue Belliard 153','1200','Woluwe-Saint-Lambert','BK342446','2024-01-18','Location à la journée','MANUAL','ROAD','29"',21,0,'XL','/uploads/reg/bike_93.pdf',3,99,50.80499,4.375793,1,93),
(94,'Scott','Aspect 950','Rue Neuve 133','1200','Woluwe-Saint-Lambert','BK901676','2024-10-26','Location à la journée','MANUAL','MTB','28"',11,0,'L','/uploads/reg/bike_94.pdf',2,11,50.82129,4.392418,1,94),
(95,'Oxford','City 7','Avenue de Tervueren 180','1190','Forest','BK753004','2021-04-11','Location à la journée','MANUAL','CITY','26"',1,1,'M','/uploads/reg/bike_95.pdf',1,80,50.877233,4.323854,1,95),
(96,'Babboe','City','Avenue de la Couronne 4','1180','Uccle','BK617555','2019-06-14','Location à la journée','AUTOMATIC','CARGO','29"',18,0,'XL','/uploads/reg/bike_96.pdf',6,30,50.849693,4.293808,1,96),
(97,'Granville','E-Absolute','Chaussée de Wavre 140','1200','Woluwe-Saint-Lambert','BK592984','2019-04-27','Location à la journée','MANUAL','CITY','29"',1,0,'S','/uploads/reg/bike_97.pdf',1,100,50.87746,4.375762,1,97),
(98,'Cube','Aim Pro','Rue Haute 134','1190','Forest','BK798359','2019-08-13','Location à la journée','AUTOMATIC','MTB','28"',18,0,'M','/uploads/reg/bike_98.pdf',2,26,50.842916,4.295062,0,98),
(99,'Giant','Contend','Chaussée d\'Ixelles 93','1070','Anderlecht','BK154617','2024-11-07','Location à la journée','MANUAL','ROAD','27.5"',21,0,'L','/uploads/reg/bike_99.pdf',3,82,50.781507,4.385327,1,99),
(100,'Frog','44','Avenue de la Toison d\'Or 177','1050','Ixelles','BK725173','2019-06-25','Location à la journée','AUTOMATIC','KIDS','27.5"',24,1,'S','/uploads/reg/bike_100.pdf',7,2,50.848594,4.330611,0,100),
(101,'Granville','E-Absolute','Rue Haute 33','1030','Schaerbeek','BK611540','2019-06-18','Location à la journée','MANUAL','CITY','28"',24,0,'M','/uploads/reg/bike_101.pdf',1,83,50.782135,4.335332,1,101),
(102,'Oxford','City 7','Rue Belliard 139','1190','Forest','BK830897','2021-04-19','Location à la journée','AUTOMATIC','CITY','28"',18,0,'XL','/uploads/reg/bike_102.pdf',1,91,50.807532,4.389762,0,102),
(103,'Gazelle','Esprit','Avenue de Tervueren 139','1070','Anderlecht','BK484945','2021-01-25','Location à la journée','MANUAL','CITY','29"',7,0,'S','/uploads/reg/bike_103.pdf',1,58,50.841973,4.333689,1,103),
(104,'Babboe','City','Avenue Brugmann 49','1090','Jette','BK649526','2023-08-25','Location à la journée','AUTOMATIC','CARGO','28"',18,0,'XL','/uploads/reg/bike_104.pdf',6,85,50.84409,4.303256,1,104),
(105,'Gazelle','Esprit','Avenue Louise 52','1081','Koekelberg','BK212255','2021-04-04','Location à la journée','AUTOMATIC','CITY','29"',24,1,'L','/uploads/reg/bike_105.pdf',1,23,50.784909,4.316487,1,105),
(106,'Merida','Big Nine','Chaussée de Wavre 120','1082','Berchem','BK939930','2023-01-12','Location à la journée','AUTOMATIC','MTB','29"',18,0,'S','/uploads/reg/bike_106.pdf',2,119,50.862364,4.321898,1,106),
(107,'Woom','3','Rue Haute 26','1040','Etterbeek','BK860397','2019-09-13','Location à la journée','MANUAL','KIDS','27.5"',7,0,'XL','/uploads/reg/bike_107.pdf',7,10,50.854611,4.381954,1,107),
(108,'Yuba','Spicy Curry','Rue du Trône 203','1180','Uccle','BK289159','2022-07-17','Location à la journée','MANUAL','CARGO','27.5"',24,0,'L','/uploads/reg/bike_108.pdf',6,114,50.870248,4.35601,0,108),
(109,'Cube','Reaction Hybrid','Boulevard Anspach 156','1160','Auderghem','BK352415','2022-09-07','Location à la journée','AUTOMATIC','ELECTRIC','29"',11,1,'L','/uploads/reg/bike_109.pdf',4,106,50.876165,4.3437,1,109),
(110,'Canyon','Endurace 7','Rue Belliard 2','1030','Schaerbeek','BK414922','2019-04-28','Location à la journée','MANUAL','ROAD','28"',7,0,'S','/uploads/reg/bike_110.pdf',3,67,50.783774,4.332679,1,110),
(111,'Btwin','Tilt 500','Rue Belliard 24','1070','Anderlecht','BK698199','2021-10-07','Location à la journée','AUTOMATIC','FOLDING','20"',18,0,'XL','/uploads/reg/bike_111.pdf',5,30,50.79729,4.389085,1,111),
(112,'Dahon','Mariner D8','Avenue Brugmann 21','1160','Auderghem','BK918017','2018-06-12','Location à la journée','AUTOMATIC','FOLDING','20"',21,0,'XL','/uploads/reg/bike_112.pdf',5,5,50.873025,4.304465,1,112),
(113,'Yuba','Spicy Curry','Avenue Louise 82','1070','Anderlecht','BK666157','2022-03-11','Location à la journée','AUTOMATIC','CARGO','27.5"',7,0,'S','/uploads/reg/bike_113.pdf',6,7,50.847364,4.409684,0,113),
(114,'Merida','Big Nine','Avenue Brugmann 38','1140','Evere','BK238610','2020-02-16','Location à la journée','AUTOMATIC','MTB','26"',21,0,'L','/uploads/reg/bike_114.pdf',2,38,50.788508,4.350219,1,114),
(115,'Frog','44','Chaussée d\'Ixelles 125','1090','Jette','BK514521','2023-10-07','Location à la journée','AUTOMATIC','KIDS','27.5"',8,0,'S','/uploads/reg/bike_115.pdf',7,62,50.806626,4.341608,1,115),
(116,'Oxford','City 7','Rue du Bailli 49','1060','Saint-Gilles','BK436318','2020-10-21','Location à la journée','AUTOMATIC','CITY','28"',7,1,'L','/uploads/reg/bike_116.pdf',1,55,50.841622,4.408819,1,116),
(117,'Cowboy','4 ST','Rue Neuve 52','1081','Koekelberg','BK818651','2020-03-25','Location à la journée','MANUAL','ELECTRIC','26"',3,1,'S','/uploads/reg/bike_117.pdf',4,119,50.804305,4.36452,1,117),
(118,'Granville','E-Absolute','Rue Haute 79','1140','Evere','BK571923','2021-01-11','Location à la journée','AUTOMATIC','CITY','27.5"',8,0,'L','/uploads/reg/bike_118.pdf',1,89,50.83488,4.364765,0,118),
(119,'Cowboy','4 ST','Avenue Louise 73','1030','Schaerbeek','BK310445','2024-12-20','Location à la journée','MANUAL','ELECTRIC','28"',1,1,'XL','/uploads/reg/bike_119.pdf',4,33,50.845476,4.291,1,119),
(120,'Riese & Müller','Load','Rue de la Loi 75','1180','Uccle','BK780956','2021-04-13','Location à la journée','MANUAL','CARGO','26"',18,0,'XL','/uploads/reg/bike_120.pdf',6,111,50.866677,4.353787,1,120);

INSERT INTO `pictures` (`id`,`url`,`bike_id`) VALUES
(1,'/uploads/bikes/bike_1_1.jpg',1),
(2,'/uploads/bikes/bike_1_2.jpg',1),
(3,'/uploads/bikes/bike_2_1.jpg',2),
(4,'/uploads/bikes/bike_2_2.jpg',2),
(5,'/uploads/bikes/bike_3_1.jpg',3),
(6,'/uploads/bikes/bike_3_2.jpg',3),
(7,'/uploads/bikes/bike_4_1.jpg',4),
(8,'/uploads/bikes/bike_4_2.jpg',4),
(9,'/uploads/bikes/bike_4_3.jpg',4),
(10,'/uploads/bikes/bike_5_1.jpg',5),
(11,'/uploads/bikes/bike_5_2.jpg',5),
(12,'/uploads/bikes/bike_5_3.jpg',5),
(13,'/uploads/bikes/bike_6_1.jpg',6),
(14,'/uploads/bikes/bike_6_2.jpg',6),
(15,'/uploads/bikes/bike_6_3.jpg',6),
(16,'/uploads/bikes/bike_7_1.jpg',7),
(17,'/uploads/bikes/bike_7_2.jpg',7),
(18,'/uploads/bikes/bike_7_3.jpg',7),
(19,'/uploads/bikes/bike_8_1.jpg',8),
(20,'/uploads/bikes/bike_8_2.jpg',8),
(21,'/uploads/bikes/bike_9_1.jpg',9),
(22,'/uploads/bikes/bike_9_2.jpg',9),
(23,'/uploads/bikes/bike_10_1.jpg',10),
(24,'/uploads/bikes/bike_10_2.jpg',10),
(25,'/uploads/bikes/bike_10_3.jpg',10),
(26,'/uploads/bikes/bike_11_1.jpg',11),
(27,'/uploads/bikes/bike_11_2.jpg',11),
(28,'/uploads/bikes/bike_11_3.jpg',11),
(29,'/uploads/bikes/bike_12_1.jpg',12),
(30,'/uploads/bikes/bike_12_2.jpg',12),
(31,'/uploads/bikes/bike_12_3.jpg',12),
(32,'/uploads/bikes/bike_13_1.jpg',13),
(33,'/uploads/bikes/bike_13_2.jpg',13),
(34,'/uploads/bikes/bike_13_3.jpg',13),
(35,'/uploads/bikes/bike_14_1.jpg',14),
(36,'/uploads/bikes/bike_14_2.jpg',14),
(37,'/uploads/bikes/bike_15_1.jpg',15),
(38,'/uploads/bikes/bike_15_2.jpg',15),
(39,'/uploads/bikes/bike_15_3.jpg',15),
(40,'/uploads/bikes/bike_16_1.jpg',16);
INSERT INTO `pictures` (`id`,`url`,`bike_id`) VALUES
(41,'/uploads/bikes/bike_16_2.jpg',16),
(42,'/uploads/bikes/bike_17_1.jpg',17),
(43,'/uploads/bikes/bike_17_2.jpg',17),
(44,'/uploads/bikes/bike_17_3.jpg',17),
(45,'/uploads/bikes/bike_18_1.jpg',18),
(46,'/uploads/bikes/bike_18_2.jpg',18),
(47,'/uploads/bikes/bike_18_3.jpg',18),
(48,'/uploads/bikes/bike_19_1.jpg',19),
(49,'/uploads/bikes/bike_19_2.jpg',19),
(50,'/uploads/bikes/bike_20_1.jpg',20),
(51,'/uploads/bikes/bike_20_2.jpg',20),
(52,'/uploads/bikes/bike_20_3.jpg',20),
(53,'/uploads/bikes/bike_21_1.jpg',21),
(54,'/uploads/bikes/bike_21_2.jpg',21),
(55,'/uploads/bikes/bike_22_1.jpg',22),
(56,'/uploads/bikes/bike_22_2.jpg',22),
(57,'/uploads/bikes/bike_23_1.jpg',23),
(58,'/uploads/bikes/bike_23_2.jpg',23),
(59,'/uploads/bikes/bike_23_3.jpg',23),
(60,'/uploads/bikes/bike_24_1.jpg',24),
(61,'/uploads/bikes/bike_24_2.jpg',24),
(62,'/uploads/bikes/bike_24_3.jpg',24),
(63,'/uploads/bikes/bike_25_1.jpg',25),
(64,'/uploads/bikes/bike_25_2.jpg',25),
(65,'/uploads/bikes/bike_26_1.jpg',26),
(66,'/uploads/bikes/bike_26_2.jpg',26),
(67,'/uploads/bikes/bike_27_1.jpg',27),
(68,'/uploads/bikes/bike_27_2.jpg',27),
(69,'/uploads/bikes/bike_27_3.jpg',27),
(70,'/uploads/bikes/bike_28_1.jpg',28),
(71,'/uploads/bikes/bike_28_2.jpg',28),
(72,'/uploads/bikes/bike_29_1.jpg',29),
(73,'/uploads/bikes/bike_29_2.jpg',29),
(74,'/uploads/bikes/bike_29_3.jpg',29),
(75,'/uploads/bikes/bike_30_1.jpg',30),
(76,'/uploads/bikes/bike_30_2.jpg',30),
(77,'/uploads/bikes/bike_31_1.jpg',31),
(78,'/uploads/bikes/bike_31_2.jpg',31),
(79,'/uploads/bikes/bike_32_1.jpg',32),
(80,'/uploads/bikes/bike_32_2.jpg',32);
INSERT INTO `pictures` (`id`,`url`,`bike_id`) VALUES
(81,'/uploads/bikes/bike_32_3.jpg',32),
(82,'/uploads/bikes/bike_33_1.jpg',33),
(83,'/uploads/bikes/bike_33_2.jpg',33),
(84,'/uploads/bikes/bike_33_3.jpg',33),
(85,'/uploads/bikes/bike_34_1.jpg',34),
(86,'/uploads/bikes/bike_34_2.jpg',34),
(87,'/uploads/bikes/bike_34_3.jpg',34),
(88,'/uploads/bikes/bike_35_1.jpg',35),
(89,'/uploads/bikes/bike_35_2.jpg',35),
(90,'/uploads/bikes/bike_35_3.jpg',35),
(91,'/uploads/bikes/bike_36_1.jpg',36),
(92,'/uploads/bikes/bike_36_2.jpg',36),
(93,'/uploads/bikes/bike_37_1.jpg',37),
(94,'/uploads/bikes/bike_37_2.jpg',37),
(95,'/uploads/bikes/bike_38_1.jpg',38),
(96,'/uploads/bikes/bike_38_2.jpg',38),
(97,'/uploads/bikes/bike_39_1.jpg',39),
(98,'/uploads/bikes/bike_39_2.jpg',39),
(99,'/uploads/bikes/bike_40_1.jpg',40),
(100,'/uploads/bikes/bike_40_2.jpg',40),
(101,'/uploads/bikes/bike_41_1.jpg',41),
(102,'/uploads/bikes/bike_41_2.jpg',41),
(103,'/uploads/bikes/bike_41_3.jpg',41),
(104,'/uploads/bikes/bike_42_1.jpg',42),
(105,'/uploads/bikes/bike_42_2.jpg',42),
(106,'/uploads/bikes/bike_43_1.jpg',43),
(107,'/uploads/bikes/bike_43_2.jpg',43),
(108,'/uploads/bikes/bike_43_3.jpg',43),
(109,'/uploads/bikes/bike_44_1.jpg',44),
(110,'/uploads/bikes/bike_44_2.jpg',44),
(111,'/uploads/bikes/bike_45_1.jpg',45),
(112,'/uploads/bikes/bike_45_2.jpg',45),
(113,'/uploads/bikes/bike_46_1.jpg',46),
(114,'/uploads/bikes/bike_46_2.jpg',46),
(115,'/uploads/bikes/bike_46_3.jpg',46),
(116,'/uploads/bikes/bike_47_1.jpg',47),
(117,'/uploads/bikes/bike_47_2.jpg',47),
(118,'/uploads/bikes/bike_48_1.jpg',48),
(119,'/uploads/bikes/bike_48_2.jpg',48),
(120,'/uploads/bikes/bike_49_1.jpg',49);
INSERT INTO `pictures` (`id`,`url`,`bike_id`) VALUES
(121,'/uploads/bikes/bike_49_2.jpg',49),
(122,'/uploads/bikes/bike_50_1.jpg',50),
(123,'/uploads/bikes/bike_50_2.jpg',50),
(124,'/uploads/bikes/bike_50_3.jpg',50),
(125,'/uploads/bikes/bike_51_1.jpg',51),
(126,'/uploads/bikes/bike_51_2.jpg',51),
(127,'/uploads/bikes/bike_52_1.jpg',52),
(128,'/uploads/bikes/bike_52_2.jpg',52),
(129,'/uploads/bikes/bike_53_1.jpg',53),
(130,'/uploads/bikes/bike_53_2.jpg',53),
(131,'/uploads/bikes/bike_53_3.jpg',53),
(132,'/uploads/bikes/bike_54_1.jpg',54),
(133,'/uploads/bikes/bike_54_2.jpg',54),
(134,'/uploads/bikes/bike_54_3.jpg',54),
(135,'/uploads/bikes/bike_55_1.jpg',55),
(136,'/uploads/bikes/bike_55_2.jpg',55),
(137,'/uploads/bikes/bike_55_3.jpg',55),
(138,'/uploads/bikes/bike_56_1.jpg',56),
(139,'/uploads/bikes/bike_56_2.jpg',56),
(140,'/uploads/bikes/bike_56_3.jpg',56),
(141,'/uploads/bikes/bike_57_1.jpg',57),
(142,'/uploads/bikes/bike_57_2.jpg',57),
(143,'/uploads/bikes/bike_57_3.jpg',57),
(144,'/uploads/bikes/bike_58_1.jpg',58),
(145,'/uploads/bikes/bike_58_2.jpg',58),
(146,'/uploads/bikes/bike_58_3.jpg',58),
(147,'/uploads/bikes/bike_59_1.jpg',59),
(148,'/uploads/bikes/bike_59_2.jpg',59),
(149,'/uploads/bikes/bike_60_1.jpg',60),
(150,'/uploads/bikes/bike_60_2.jpg',60),
(151,'/uploads/bikes/bike_61_1.jpg',61),
(152,'/uploads/bikes/bike_61_2.jpg',61),
(153,'/uploads/bikes/bike_62_1.jpg',62),
(154,'/uploads/bikes/bike_62_2.jpg',62),
(155,'/uploads/bikes/bike_63_1.jpg',63),
(156,'/uploads/bikes/bike_63_2.jpg',63),
(157,'/uploads/bikes/bike_64_1.jpg',64),
(158,'/uploads/bikes/bike_64_2.jpg',64),
(159,'/uploads/bikes/bike_65_1.jpg',65),
(160,'/uploads/bikes/bike_65_2.jpg',65);
INSERT INTO `pictures` (`id`,`url`,`bike_id`) VALUES
(161,'/uploads/bikes/bike_65_3.jpg',65),
(162,'/uploads/bikes/bike_66_1.jpg',66),
(163,'/uploads/bikes/bike_66_2.jpg',66),
(164,'/uploads/bikes/bike_67_1.jpg',67),
(165,'/uploads/bikes/bike_67_2.jpg',67),
(166,'/uploads/bikes/bike_68_1.jpg',68),
(167,'/uploads/bikes/bike_68_2.jpg',68),
(168,'/uploads/bikes/bike_69_1.jpg',69),
(169,'/uploads/bikes/bike_69_2.jpg',69),
(170,'/uploads/bikes/bike_70_1.jpg',70),
(171,'/uploads/bikes/bike_70_2.jpg',70),
(172,'/uploads/bikes/bike_70_3.jpg',70),
(173,'/uploads/bikes/bike_71_1.jpg',71),
(174,'/uploads/bikes/bike_71_2.jpg',71),
(175,'/uploads/bikes/bike_72_1.jpg',72),
(176,'/uploads/bikes/bike_72_2.jpg',72),
(177,'/uploads/bikes/bike_72_3.jpg',72),
(178,'/uploads/bikes/bike_73_1.jpg',73),
(179,'/uploads/bikes/bike_73_2.jpg',73),
(180,'/uploads/bikes/bike_74_1.jpg',74),
(181,'/uploads/bikes/bike_74_2.jpg',74),
(182,'/uploads/bikes/bike_74_3.jpg',74),
(183,'/uploads/bikes/bike_75_1.jpg',75),
(184,'/uploads/bikes/bike_75_2.jpg',75),
(185,'/uploads/bikes/bike_75_3.jpg',75),
(186,'/uploads/bikes/bike_76_1.jpg',76),
(187,'/uploads/bikes/bike_76_2.jpg',76),
(188,'/uploads/bikes/bike_77_1.jpg',77),
(189,'/uploads/bikes/bike_77_2.jpg',77),
(190,'/uploads/bikes/bike_77_3.jpg',77),
(191,'/uploads/bikes/bike_78_1.jpg',78),
(192,'/uploads/bikes/bike_78_2.jpg',78),
(193,'/uploads/bikes/bike_78_3.jpg',78),
(194,'/uploads/bikes/bike_79_1.jpg',79),
(195,'/uploads/bikes/bike_79_2.jpg',79),
(196,'/uploads/bikes/bike_79_3.jpg',79),
(197,'/uploads/bikes/bike_80_1.jpg',80),
(198,'/uploads/bikes/bike_80_2.jpg',80),
(199,'/uploads/bikes/bike_81_1.jpg',81),
(200,'/uploads/bikes/bike_81_2.jpg',81);
INSERT INTO `pictures` (`id`,`url`,`bike_id`) VALUES
(201,'/uploads/bikes/bike_82_1.jpg',82),
(202,'/uploads/bikes/bike_82_2.jpg',82),
(203,'/uploads/bikes/bike_83_1.jpg',83),
(204,'/uploads/bikes/bike_83_2.jpg',83),
(205,'/uploads/bikes/bike_84_1.jpg',84),
(206,'/uploads/bikes/bike_84_2.jpg',84),
(207,'/uploads/bikes/bike_85_1.jpg',85),
(208,'/uploads/bikes/bike_85_2.jpg',85),
(209,'/uploads/bikes/bike_85_3.jpg',85),
(210,'/uploads/bikes/bike_86_1.jpg',86),
(211,'/uploads/bikes/bike_86_2.jpg',86),
(212,'/uploads/bikes/bike_87_1.jpg',87),
(213,'/uploads/bikes/bike_87_2.jpg',87),
(214,'/uploads/bikes/bike_87_3.jpg',87),
(215,'/uploads/bikes/bike_88_1.jpg',88),
(216,'/uploads/bikes/bike_88_2.jpg',88),
(217,'/uploads/bikes/bike_88_3.jpg',88),
(218,'/uploads/bikes/bike_89_1.jpg',89),
(219,'/uploads/bikes/bike_89_2.jpg',89),
(220,'/uploads/bikes/bike_90_1.jpg',90),
(221,'/uploads/bikes/bike_90_2.jpg',90),
(222,'/uploads/bikes/bike_91_1.jpg',91),
(223,'/uploads/bikes/bike_91_2.jpg',91),
(224,'/uploads/bikes/bike_92_1.jpg',92),
(225,'/uploads/bikes/bike_92_2.jpg',92),
(226,'/uploads/bikes/bike_93_1.jpg',93),
(227,'/uploads/bikes/bike_93_2.jpg',93),
(228,'/uploads/bikes/bike_94_1.jpg',94),
(229,'/uploads/bikes/bike_94_2.jpg',94),
(230,'/uploads/bikes/bike_94_3.jpg',94),
(231,'/uploads/bikes/bike_95_1.jpg',95),
(232,'/uploads/bikes/bike_95_2.jpg',95),
(233,'/uploads/bikes/bike_95_3.jpg',95),
(234,'/uploads/bikes/bike_96_1.jpg',96),
(235,'/uploads/bikes/bike_96_2.jpg',96),
(236,'/uploads/bikes/bike_96_3.jpg',96),
(237,'/uploads/bikes/bike_97_1.jpg',97),
(238,'/uploads/bikes/bike_97_2.jpg',97),
(239,'/uploads/bikes/bike_97_3.jpg',97),
(240,'/uploads/bikes/bike_98_1.jpg',98);
INSERT INTO `pictures` (`id`,`url`,`bike_id`) VALUES
(241,'/uploads/bikes/bike_98_2.jpg',98),
(242,'/uploads/bikes/bike_99_1.jpg',99),
(243,'/uploads/bikes/bike_99_2.jpg',99),
(244,'/uploads/bikes/bike_99_3.jpg',99),
(245,'/uploads/bikes/bike_100_1.jpg',100),
(246,'/uploads/bikes/bike_100_2.jpg',100),
(247,'/uploads/bikes/bike_100_3.jpg',100),
(248,'/uploads/bikes/bike_101_1.jpg',101),
(249,'/uploads/bikes/bike_101_2.jpg',101),
(250,'/uploads/bikes/bike_102_1.jpg',102),
(251,'/uploads/bikes/bike_102_2.jpg',102),
(252,'/uploads/bikes/bike_102_3.jpg',102),
(253,'/uploads/bikes/bike_103_1.jpg',103),
(254,'/uploads/bikes/bike_103_2.jpg',103),
(255,'/uploads/bikes/bike_103_3.jpg',103),
(256,'/uploads/bikes/bike_104_1.jpg',104),
(257,'/uploads/bikes/bike_104_2.jpg',104),
(258,'/uploads/bikes/bike_104_3.jpg',104),
(259,'/uploads/bikes/bike_105_1.jpg',105),
(260,'/uploads/bikes/bike_105_2.jpg',105),
(261,'/uploads/bikes/bike_106_1.jpg',106),
(262,'/uploads/bikes/bike_106_2.jpg',106),
(263,'/uploads/bikes/bike_107_1.jpg',107),
(264,'/uploads/bikes/bike_107_2.jpg',107),
(265,'/uploads/bikes/bike_107_3.jpg',107),
(266,'/uploads/bikes/bike_108_1.jpg',108),
(267,'/uploads/bikes/bike_108_2.jpg',108),
(268,'/uploads/bikes/bike_108_3.jpg',108),
(269,'/uploads/bikes/bike_109_1.jpg',109),
(270,'/uploads/bikes/bike_109_2.jpg',109),
(271,'/uploads/bikes/bike_110_1.jpg',110),
(272,'/uploads/bikes/bike_110_2.jpg',110),
(273,'/uploads/bikes/bike_111_1.jpg',111),
(274,'/uploads/bikes/bike_111_2.jpg',111),
(275,'/uploads/bikes/bike_111_3.jpg',111),
(276,'/uploads/bikes/bike_112_1.jpg',112),
(277,'/uploads/bikes/bike_112_2.jpg',112),
(278,'/uploads/bikes/bike_113_1.jpg',113),
(279,'/uploads/bikes/bike_113_2.jpg',113),
(280,'/uploads/bikes/bike_113_3.jpg',113);
INSERT INTO `pictures` (`id`,`url`,`bike_id`) VALUES
(281,'/uploads/bikes/bike_114_1.jpg',114),
(282,'/uploads/bikes/bike_114_2.jpg',114),
(283,'/uploads/bikes/bike_115_1.jpg',115),
(284,'/uploads/bikes/bike_115_2.jpg',115),
(285,'/uploads/bikes/bike_116_1.jpg',116),
(286,'/uploads/bikes/bike_116_2.jpg',116),
(287,'/uploads/bikes/bike_116_3.jpg',116),
(288,'/uploads/bikes/bike_117_1.jpg',117),
(289,'/uploads/bikes/bike_117_2.jpg',117),
(290,'/uploads/bikes/bike_117_3.jpg',117),
(291,'/uploads/bikes/bike_118_1.jpg',118),
(292,'/uploads/bikes/bike_118_2.jpg',118),
(293,'/uploads/bikes/bike_118_3.jpg',118),
(294,'/uploads/bikes/bike_119_1.jpg',119),
(295,'/uploads/bikes/bike_119_2.jpg',119),
(296,'/uploads/bikes/bike_119_3.jpg',119),
(297,'/uploads/bikes/bike_120_1.jpg',120),
(298,'/uploads/bikes/bike_120_2.jpg',120),
(299,'/uploads/bikes/bike_120_3.jpg',120);

INSERT INTO `conditions` (`id`,`description`,`bike_id`) VALUES
(1,'Restitution avant 19h',1),
(2,'Antivol fourni à utiliser systématiquement',1),
(3,'Pas de prêt à un tiers',2),
(4,'Caution de 150 € exigée',2),
(5,'Antivol fourni à utiliser systématiquement',3),
(6,'Caution de 150 € exigée',4),
(7,'Nettoyage avant restitution',4),
(8,'Restitution avant 19h',5),
(9,'Antivol fourni à utiliser systématiquement',6),
(10,'Usage urbain uniquement',7),
(11,'Antivol fourni à utiliser systématiquement',7),
(12,'Restitution avant 19h',8),
(13,'Pas de prêt à un tiers',9),
(14,'Nettoyage avant restitution',9),
(15,'Antivol fourni à utiliser systématiquement',10),
(16,'Usage urbain uniquement',11),
(17,'Nettoyage avant restitution',12),
(18,'Nettoyage avant restitution',12),
(19,'Nettoyage avant restitution',13),
(20,'Caution de 150 € exigée',14),
(21,'Nettoyage avant restitution',15),
(22,'Nettoyage avant restitution',16),
(23,'Usage urbain uniquement',16),
(24,'Pas de prêt à un tiers',17),
(25,'Nettoyage avant restitution',18),
(26,'Interdiction de transport en train',18),
(27,'Antivol fourni à utiliser systématiquement',19),
(28,'Caution de 150 € exigée',20),
(29,'Interdiction de transport en train',20),
(30,'Usage urbain uniquement',21),
(31,'Restitution avant 19h',22),
(32,'Restitution avant 19h',23),
(33,'Antivol fourni à utiliser systématiquement',24),
(34,'Usage urbain uniquement',25),
(35,'Nettoyage avant restitution',25),
(36,'Usage urbain uniquement',26),
(37,'Nettoyage avant restitution',26),
(38,'Caution de 150 € exigée',27),
(39,'Restitution avant 19h',28),
(40,'Pas de prêt à un tiers',29);
INSERT INTO `conditions` (`id`,`description`,`bike_id`) VALUES
(41,'Caution de 150 € exigée',30),
(42,'Antivol fourni à utiliser systématiquement',30),
(43,'Interdiction de transport en train',31),
(44,'Antivol fourni à utiliser systématiquement',31),
(45,'Pas de prêt à un tiers',32),
(46,'Restitution avant 19h',33),
(47,'Restitution avant 19h',33),
(48,'Antivol fourni à utiliser systématiquement',34),
(49,'Antivol fourni à utiliser systématiquement',34),
(50,'Caution de 150 € exigée',35),
(51,'Pas de prêt à un tiers',35),
(52,'Restitution avant 19h',36),
(53,'Pas de prêt à un tiers',37),
(54,'Nettoyage avant restitution',37),
(55,'Caution de 150 € exigée',38),
(56,'Restitution avant 19h',39),
(57,'Nettoyage avant restitution',40),
(58,'Caution de 150 € exigée',41),
(59,'Restitution avant 19h',41),
(60,'Nettoyage avant restitution',42),
(61,'Usage urbain uniquement',43),
(62,'Caution de 150 € exigée',43),
(63,'Caution de 150 € exigée',44),
(64,'Restitution avant 19h',45),
(65,'Restitution avant 19h',45),
(66,'Pas de prêt à un tiers',46),
(67,'Nettoyage avant restitution',46),
(68,'Antivol fourni à utiliser systématiquement',47),
(69,'Caution de 150 € exigée',48),
(70,'Caution de 150 € exigée',48),
(71,'Usage urbain uniquement',49),
(72,'Usage urbain uniquement',49),
(73,'Interdiction de transport en train',50),
(74,'Caution de 150 € exigée',50),
(75,'Interdiction de transport en train',51),
(76,'Pas de prêt à un tiers',51),
(77,'Usage urbain uniquement',52),
(78,'Restitution avant 19h',53),
(79,'Caution de 150 € exigée',53),
(80,'Usage urbain uniquement',54);
INSERT INTO `conditions` (`id`,`description`,`bike_id`) VALUES
(81,'Pas de prêt à un tiers',54),
(82,'Pas de prêt à un tiers',55),
(83,'Restitution avant 19h',55),
(84,'Pas de prêt à un tiers',56),
(85,'Caution de 150 € exigée',57),
(86,'Antivol fourni à utiliser systématiquement',58),
(87,'Antivol fourni à utiliser systématiquement',59),
(88,'Pas de prêt à un tiers',59),
(89,'Usage urbain uniquement',60),
(90,'Pas de prêt à un tiers',60),
(91,'Restitution avant 19h',61),
(92,'Pas de prêt à un tiers',61),
(93,'Pas de prêt à un tiers',62),
(94,'Nettoyage avant restitution',62),
(95,'Antivol fourni à utiliser systématiquement',63),
(96,'Interdiction de transport en train',63),
(97,'Pas de prêt à un tiers',64),
(98,'Nettoyage avant restitution',65),
(99,'Restitution avant 19h',66),
(100,'Caution de 150 € exigée',66),
(101,'Caution de 150 € exigée',67),
(102,'Nettoyage avant restitution',68),
(103,'Interdiction de transport en train',68),
(104,'Nettoyage avant restitution',69),
(105,'Interdiction de transport en train',70),
(106,'Antivol fourni à utiliser systématiquement',71),
(107,'Caution de 150 € exigée',71),
(108,'Usage urbain uniquement',72),
(109,'Pas de prêt à un tiers',72),
(110,'Caution de 150 € exigée',73),
(111,'Nettoyage avant restitution',74),
(112,'Usage urbain uniquement',75),
(113,'Interdiction de transport en train',75),
(114,'Usage urbain uniquement',76),
(115,'Pas de prêt à un tiers',77),
(116,'Pas de prêt à un tiers',77),
(117,'Interdiction de transport en train',78),
(118,'Caution de 150 € exigée',78),
(119,'Nettoyage avant restitution',79),
(120,'Usage urbain uniquement',80);
INSERT INTO `conditions` (`id`,`description`,`bike_id`) VALUES
(121,'Antivol fourni à utiliser systématiquement',80),
(122,'Interdiction de transport en train',81),
(123,'Restitution avant 19h',82),
(124,'Interdiction de transport en train',83),
(125,'Usage urbain uniquement',83),
(126,'Antivol fourni à utiliser systématiquement',84),
(127,'Interdiction de transport en train',84),
(128,'Nettoyage avant restitution',85),
(129,'Antivol fourni à utiliser systématiquement',86),
(130,'Nettoyage avant restitution',87),
(131,'Interdiction de transport en train',88),
(132,'Pas de prêt à un tiers',88),
(133,'Antivol fourni à utiliser systématiquement',89),
(134,'Interdiction de transport en train',89),
(135,'Nettoyage avant restitution',90),
(136,'Caution de 150 € exigée',90),
(137,'Pas de prêt à un tiers',91),
(138,'Nettoyage avant restitution',91),
(139,'Pas de prêt à un tiers',92),
(140,'Pas de prêt à un tiers',92),
(141,'Restitution avant 19h',93),
(142,'Interdiction de transport en train',94),
(143,'Interdiction de transport en train',94),
(144,'Caution de 150 € exigée',95),
(145,'Restitution avant 19h',95),
(146,'Interdiction de transport en train',96),
(147,'Caution de 150 € exigée',96),
(148,'Antivol fourni à utiliser systématiquement',97),
(149,'Nettoyage avant restitution',97),
(150,'Pas de prêt à un tiers',98),
(151,'Restitution avant 19h',99),
(152,'Pas de prêt à un tiers',99),
(153,'Interdiction de transport en train',100),
(154,'Nettoyage avant restitution',101),
(155,'Interdiction de transport en train',101),
(156,'Nettoyage avant restitution',102),
(157,'Caution de 150 € exigée',102),
(158,'Antivol fourni à utiliser systématiquement',103),
(159,'Caution de 150 € exigée',103),
(160,'Restitution avant 19h',104);
INSERT INTO `conditions` (`id`,`description`,`bike_id`) VALUES
(161,'Usage urbain uniquement',104),
(162,'Interdiction de transport en train',105),
(163,'Usage urbain uniquement',105),
(164,'Pas de prêt à un tiers',106),
(165,'Restitution avant 19h',107),
(166,'Caution de 150 € exigée',107),
(167,'Interdiction de transport en train',108),
(168,'Caution de 150 € exigée',108),
(169,'Caution de 150 € exigée',109),
(170,'Pas de prêt à un tiers',110),
(171,'Caution de 150 € exigée',110),
(172,'Pas de prêt à un tiers',111),
(173,'Restitution avant 19h',111),
(174,'Usage urbain uniquement',112),
(175,'Nettoyage avant restitution',113),
(176,'Interdiction de transport en train',113),
(177,'Interdiction de transport en train',114),
(178,'Usage urbain uniquement',114),
(179,'Interdiction de transport en train',115),
(180,'Interdiction de transport en train',116),
(181,'Restitution avant 19h',117),
(182,'Antivol fourni à utiliser systématiquement',118),
(183,'Nettoyage avant restitution',119),
(184,'Interdiction de transport en train',119),
(185,'Caution de 150 € exigée',120);

INSERT INTO `bike_equipment` (`id`,`bike_id`,`equipment_id`) VALUES
(1,1,1),
(2,1,6),
(3,1,5),
(4,2,6),
(5,2,4),
(6,3,2),
(7,3,5),
(8,4,5),
(9,4,1),
(10,4,8),
(11,4,3),
(12,5,4),
(13,5,3),
(14,5,2),
(15,5,6),
(16,6,5),
(17,6,8),
(18,6,3),
(19,7,2),
(20,7,3),
(21,7,8),
(22,8,5),
(23,8,1),
(24,9,2),
(25,9,8),
(26,10,6),
(27,10,5),
(28,10,3),
(29,10,8),
(30,11,5),
(31,11,8),
(32,12,3),
(33,12,1),
(34,13,6),
(35,13,5),
(36,13,4),
(37,14,3),
(38,14,1),
(39,15,1),
(40,15,8);
INSERT INTO `bike_equipment` (`id`,`bike_id`,`equipment_id`) VALUES
(41,15,4),
(42,16,2),
(43,16,4),
(44,17,3),
(45,17,6),
(46,17,5),
(47,18,8),
(48,18,5),
(49,18,3),
(50,18,6),
(51,19,4),
(52,19,6),
(53,19,7),
(54,20,2),
(55,20,7),
(56,20,4),
(57,20,5),
(58,21,2),
(59,21,7),
(60,22,8),
(61,22,1),
(62,22,4),
(63,22,3),
(64,23,8),
(65,23,4),
(66,23,2),
(67,23,6),
(68,24,5),
(69,24,3),
(70,25,3),
(71,25,6),
(72,25,7),
(73,26,6),
(74,26,4),
(75,26,7),
(76,27,2),
(77,27,4),
(78,28,6),
(79,28,4),
(80,29,3);
INSERT INTO `bike_equipment` (`id`,`bike_id`,`equipment_id`) VALUES
(81,29,8),
(82,29,7),
(83,30,3),
(84,30,5),
(85,30,1),
(86,30,4),
(87,31,2),
(88,31,3),
(89,31,5),
(90,31,1),
(91,32,8),
(92,32,4),
(93,32,5),
(94,33,4),
(95,33,5),
(96,33,2),
(97,34,3),
(98,34,4),
(99,34,7),
(100,34,1),
(101,35,4),
(102,35,7),
(103,35,6),
(104,36,7),
(105,36,8),
(106,36,4),
(107,36,5),
(108,37,4),
(109,37,2),
(110,37,6),
(111,38,2),
(112,38,6),
(113,38,7),
(114,38,5),
(115,39,2),
(116,39,5),
(117,39,7),
(118,40,6),
(119,40,5),
(120,40,1);
INSERT INTO `bike_equipment` (`id`,`bike_id`,`equipment_id`) VALUES
(121,41,3),
(122,41,8),
(123,41,4),
(124,42,2),
(125,42,6),
(126,43,7),
(127,43,3),
(128,43,4),
(129,43,1),
(130,44,4),
(131,44,7),
(132,45,1),
(133,45,7),
(134,46,3),
(135,46,4),
(136,47,5),
(137,47,4),
(138,47,8),
(139,47,6),
(140,48,4),
(141,48,2),
(142,48,6),
(143,49,5),
(144,49,8),
(145,49,6),
(146,50,7),
(147,50,6),
(148,50,3),
(149,51,1),
(150,51,5),
(151,52,7),
(152,52,8),
(153,52,2),
(154,52,3),
(155,53,6),
(156,53,5),
(157,54,1),
(158,54,6),
(159,55,6),
(160,55,1);
INSERT INTO `bike_equipment` (`id`,`bike_id`,`equipment_id`) VALUES
(161,55,3),
(162,55,7),
(163,56,7),
(164,56,6),
(165,57,7),
(166,57,6),
(167,57,3),
(168,57,4),
(169,58,7),
(170,58,4),
(171,58,5),
(172,59,3),
(173,59,4),
(174,60,4),
(175,60,5),
(176,61,6),
(177,61,7),
(178,61,4),
(179,62,5),
(180,62,7),
(181,63,3),
(182,63,2),
(183,63,1),
(184,63,6),
(185,64,1),
(186,64,2),
(187,64,6),
(188,64,4),
(189,65,7),
(190,65,2),
(191,65,1),
(192,65,8),
(193,66,7),
(194,66,8),
(195,66,4),
(196,66,5),
(197,67,3),
(198,67,4),
(199,67,5),
(200,68,8);
INSERT INTO `bike_equipment` (`id`,`bike_id`,`equipment_id`) VALUES
(201,68,4),
(202,68,3),
(203,69,3),
(204,69,4),
(205,70,1),
(206,70,5),
(207,70,4),
(208,70,2),
(209,71,5),
(210,71,4),
(211,71,8),
(212,71,6),
(213,72,1),
(214,72,8),
(215,72,5),
(216,73,6),
(217,73,1),
(218,73,5),
(219,74,2),
(220,74,8),
(221,74,6),
(222,75,5),
(223,75,4),
(224,75,8),
(225,75,1),
(226,76,2),
(227,76,8),
(228,76,4),
(229,76,1),
(230,77,5),
(231,77,8),
(232,77,1),
(233,77,3),
(234,78,1),
(235,78,4),
(236,78,7),
(237,78,5),
(238,79,6),
(239,79,4),
(240,79,3);
INSERT INTO `bike_equipment` (`id`,`bike_id`,`equipment_id`) VALUES
(241,80,5),
(242,80,2),
(243,80,1),
(244,81,5),
(245,81,6),
(246,81,8),
(247,81,3),
(248,82,8),
(249,82,5),
(250,83,1),
(251,83,6),
(252,84,1),
(253,84,3),
(254,84,4),
(255,85,3),
(256,85,5),
(257,86,5),
(258,86,3),
(259,87,5),
(260,87,3),
(261,88,1),
(262,88,6),
(263,88,8),
(264,89,3),
(265,89,5),
(266,89,6),
(267,89,2),
(268,90,8),
(269,90,3),
(270,90,2),
(271,90,7),
(272,91,4),
(273,91,8),
(274,91,2),
(275,91,5),
(276,92,6),
(277,92,1),
(278,93,3),
(279,93,7),
(280,94,7);
INSERT INTO `bike_equipment` (`id`,`bike_id`,`equipment_id`) VALUES
(281,94,8),
(282,94,4),
(283,95,8),
(284,95,6),
(285,96,3),
(286,96,2),
(287,96,5),
(288,96,8),
(289,97,5),
(290,97,7),
(291,98,1),
(292,98,2),
(293,99,7),
(294,99,4),
(295,99,3),
(296,100,4),
(297,100,8),
(298,100,6),
(299,101,7),
(300,101,4),
(301,101,3),
(302,101,2),
(303,102,7),
(304,102,1),
(305,102,3),
(306,102,4),
(307,103,6),
(308,103,5),
(309,103,8),
(310,104,2),
(311,104,5),
(312,105,6),
(313,105,7),
(314,105,4),
(315,105,5),
(316,106,5),
(317,106,3),
(318,106,7),
(319,106,6),
(320,107,5);
INSERT INTO `bike_equipment` (`id`,`bike_id`,`equipment_id`) VALUES
(321,107,6),
(322,108,7),
(323,108,4),
(324,108,6),
(325,108,2),
(326,109,4),
(327,109,5),
(328,109,3),
(329,109,2),
(330,110,1),
(331,110,6),
(332,110,8),
(333,111,1),
(334,111,4),
(335,112,2),
(336,112,6),
(337,113,6),
(338,113,2),
(339,113,8),
(340,114,5),
(341,114,2),
(342,114,1),
(343,115,2),
(344,115,1),
(345,116,4),
(346,116,5),
(347,116,6),
(348,116,1),
(349,117,2),
(350,117,1),
(351,117,5),
(352,117,8),
(353,118,3),
(354,118,1),
(355,118,6),
(356,119,5),
(357,119,3),
(358,120,2),
(359,120,6),
(360,120,4);

INSERT INTO `bike_feature` (`id`,`bike_id`,`feature_id`) VALUES
(1,1,4),
(2,1,3),
(3,1,5),
(4,2,1),
(5,2,3),
(6,3,4),
(7,3,6),
(8,4,1),
(9,4,3),
(10,4,5),
(11,5,4),
(12,5,1),
(13,6,2),
(14,6,5),
(15,6,4),
(16,7,6),
(17,7,4),
(18,8,2),
(19,8,5),
(20,9,2),
(21,9,5),
(22,9,1),
(23,10,6),
(24,10,3),
(25,10,1),
(26,11,1),
(27,11,6),
(28,12,4),
(29,12,1),
(30,12,6),
(31,13,6),
(32,13,1),
(33,14,6),
(34,14,4),
(35,15,2),
(36,15,3),
(37,15,4),
(38,16,5),
(39,16,4),
(40,17,4);
INSERT INTO `bike_feature` (`id`,`bike_id`,`feature_id`) VALUES
(41,17,6),
(42,17,1),
(43,18,1),
(44,18,4),
(45,19,1),
(46,19,5),
(47,19,3),
(48,20,6),
(49,20,3),
(50,20,4),
(51,21,6),
(52,21,1),
(53,22,5),
(54,22,3),
(55,22,1),
(56,23,3),
(57,23,2),
(58,23,5),
(59,24,4),
(60,24,2),
(61,25,6),
(62,25,4),
(63,25,1),
(64,26,4),
(65,26,1),
(66,26,6),
(67,27,2),
(68,27,1),
(69,28,1),
(70,28,5),
(71,29,4),
(72,29,6),
(73,30,5),
(74,30,3),
(75,31,5),
(76,31,4),
(77,31,1),
(78,32,3),
(79,32,1),
(80,33,6);
INSERT INTO `bike_feature` (`id`,`bike_id`,`feature_id`) VALUES
(81,33,1),
(82,33,4),
(83,34,2),
(84,34,5),
(85,35,6),
(86,35,5),
(87,35,2),
(88,36,1),
(89,36,6),
(90,37,4),
(91,37,1),
(92,38,5),
(93,38,1),
(94,38,2),
(95,39,1),
(96,39,2),
(97,40,3),
(98,40,1),
(99,41,5),
(100,41,2),
(101,41,1),
(102,42,1),
(103,42,4),
(104,43,1),
(105,43,2),
(106,44,3),
(107,44,4),
(108,44,6),
(109,45,6),
(110,45,5),
(111,46,3),
(112,46,2),
(113,47,5),
(114,47,2),
(115,48,1),
(116,48,6),
(117,48,3),
(118,49,4),
(119,49,2),
(120,50,5);
INSERT INTO `bike_feature` (`id`,`bike_id`,`feature_id`) VALUES
(121,50,2),
(122,50,4),
(123,51,5),
(124,51,1),
(125,52,1),
(126,52,5),
(127,53,2),
(128,53,1),
(129,53,4),
(130,54,1),
(131,54,6),
(132,55,1),
(133,55,5),
(134,56,4),
(135,56,6),
(136,56,2),
(137,57,2),
(138,57,3),
(139,58,4),
(140,58,2),
(141,58,5),
(142,59,5),
(143,59,2),
(144,60,5),
(145,60,1),
(146,60,3),
(147,61,4),
(148,61,1),
(149,61,2),
(150,62,1),
(151,62,5),
(152,63,5),
(153,63,3),
(154,64,4),
(155,64,2),
(156,65,1),
(157,65,2),
(158,65,6),
(159,66,6),
(160,66,4);
INSERT INTO `bike_feature` (`id`,`bike_id`,`feature_id`) VALUES
(161,67,2),
(162,67,6),
(163,67,1),
(164,68,6),
(165,68,3),
(166,69,2),
(167,69,4),
(168,69,3),
(169,70,5),
(170,70,4),
(171,70,1),
(172,71,6),
(173,71,1),
(174,72,2),
(175,72,1),
(176,73,5),
(177,73,1),
(178,73,6),
(179,74,6),
(180,74,4),
(181,75,4),
(182,75,2),
(183,75,3),
(184,76,1),
(185,76,3),
(186,77,1),
(187,77,2),
(188,78,2),
(189,78,4),
(190,78,6),
(191,79,4),
(192,79,5),
(193,80,1),
(194,80,4),
(195,80,2),
(196,81,5),
(197,81,4),
(198,82,4),
(199,82,3),
(200,83,4);
INSERT INTO `bike_feature` (`id`,`bike_id`,`feature_id`) VALUES
(201,83,2),
(202,84,3),
(203,84,2),
(204,84,6),
(205,85,1),
(206,85,5),
(207,86,3),
(208,86,2),
(209,87,4),
(210,87,6),
(211,88,2),
(212,88,3),
(213,88,6),
(214,89,5),
(215,89,2),
(216,89,6),
(217,90,1),
(218,90,4),
(219,91,2),
(220,91,5),
(221,91,4),
(222,92,3),
(223,92,1),
(224,92,4),
(225,93,2),
(226,93,3),
(227,94,5),
(228,94,2),
(229,94,6),
(230,95,4),
(231,95,1),
(232,96,4),
(233,96,5),
(234,97,4),
(235,97,5),
(236,98,4),
(237,98,1),
(238,98,6),
(239,99,2),
(240,99,1);
INSERT INTO `bike_feature` (`id`,`bike_id`,`feature_id`) VALUES
(241,99,5),
(242,100,2),
(243,100,6),
(244,100,3),
(245,101,2),
(246,101,1),
(247,101,5),
(248,102,6),
(249,102,3),
(250,102,2),
(251,103,5),
(252,103,6),
(253,103,1),
(254,104,4),
(255,104,2),
(256,104,6),
(257,105,3),
(258,105,4),
(259,106,6),
(260,106,1),
(261,107,6),
(262,107,3),
(263,107,1),
(264,108,4),
(265,108,3),
(266,108,2),
(267,109,5),
(268,109,3),
(269,110,5),
(270,110,3),
(271,111,1),
(272,111,4),
(273,112,4),
(274,112,5),
(275,112,1),
(276,113,3),
(277,113,2),
(278,113,1),
(279,114,2),
(280,114,3);
INSERT INTO `bike_feature` (`id`,`bike_id`,`feature_id`) VALUES
(281,115,5),
(282,115,1),
(283,116,6),
(284,116,5),
(285,116,2),
(286,117,3),
(287,117,6),
(288,118,5),
(289,118,4),
(290,118,3),
(291,119,1),
(292,119,3),
(293,120,4),
(294,120,6),
(295,120,1);

INSERT INTO `unavailabilities` (`id`,`start_date`,`end_date`,`bike_id`) VALUES
(1,'2025-09-22','2025-10-01',1),
(2,'2025-05-15','2025-05-25',1),
(3,'2025-11-23','2025-11-25',2),
(4,'2025-04-15','2025-04-17',2),
(5,'2025-07-06','2025-07-11',3),
(6,'2025-02-06','2025-02-11',4),
(7,'2025-03-16','2025-03-19',5),
(8,'2025-09-21','2025-09-22',6),
(9,'2025-07-22','2025-07-31',7),
(10,'2025-03-16','2025-03-22',7),
(11,'2025-08-24','2025-08-25',8),
(12,'2025-05-07','2025-05-09',8),
(13,'2025-04-17','2025-04-23',9),
(14,'2025-10-11','2025-10-17',10),
(15,'2025-08-19','2025-08-28',10),
(16,'2025-08-10','2025-08-20',11),
(17,'2025-03-10','2025-03-13',11),
(18,'2025-04-16','2025-04-22',12),
(19,'2025-05-25','2025-05-26',12),
(20,'2025-06-10','2025-06-18',13),
(21,'2025-10-06','2025-10-15',14),
(22,'2025-03-06','2025-03-09',15),
(23,'2025-03-08','2025-03-10',15),
(24,'2025-06-19','2025-06-22',16),
(25,'2025-05-12','2025-05-15',17),
(26,'2025-04-18','2025-04-19',17),
(27,'2025-06-05','2025-06-11',18),
(28,'2025-08-18','2025-08-21',18),
(29,'2025-02-01','2025-02-08',19),
(30,'2025-08-25','2025-08-28',19),
(31,'2025-06-05','2025-06-06',20),
(32,'2025-09-17','2025-09-23',20),
(33,'2025-08-10','2025-08-20',21),
(34,'2025-11-05','2025-11-15',21),
(35,'2025-06-23','2025-06-25',22),
(36,'2025-08-02','2025-08-05',22),
(37,'2025-05-01','2025-05-08',23),
(38,'2025-08-12','2025-08-14',24),
(39,'2025-01-20','2025-01-24',25),
(40,'2025-10-17','2025-10-21',25);
INSERT INTO `unavailabilities` (`id`,`start_date`,`end_date`,`bike_id`) VALUES
(41,'2025-04-01','2025-04-03',26),
(42,'2025-09-15','2025-09-17',26),
(43,'2025-04-16','2025-04-22',27),
(44,'2025-10-20','2025-10-29',27),
(45,'2025-11-12','2025-11-19',28),
(46,'2025-07-12','2025-07-19',29),
(47,'2025-01-10','2025-01-16',30),
(48,'2025-06-10','2025-06-18',30),
(49,'2025-04-24','2025-05-02',31),
(50,'2025-08-10','2025-08-13',32),
(51,'2025-07-24','2025-07-31',32),
(52,'2025-10-20','2025-10-22',33),
(53,'2025-04-10','2025-04-18',34),
(54,'2025-02-19','2025-02-26',35),
(55,'2025-02-01','2025-02-08',35),
(56,'2025-07-06','2025-07-15',36),
(57,'2025-08-23','2025-09-02',36),
(58,'2025-04-06','2025-04-13',37),
(59,'2025-09-16','2025-09-17',38),
(60,'2025-05-19','2025-05-24',38),
(61,'2025-09-24','2025-10-02',39),
(62,'2025-04-01','2025-04-02',39),
(63,'2025-05-10','2025-05-18',40),
(64,'2025-11-22','2025-11-27',41),
(65,'2025-03-16','2025-03-20',42),
(66,'2025-01-04','2025-01-09',42),
(67,'2025-02-20','2025-02-26',43),
(68,'2025-10-16','2025-10-26',43),
(69,'2025-05-21','2025-05-29',44),
(70,'2025-02-12','2025-02-21',44),
(71,'2025-05-06','2025-05-16',45),
(72,'2025-03-11','2025-03-19',46),
(73,'2025-06-06','2025-06-07',47),
(74,'2025-06-14','2025-06-20',48),
(75,'2025-01-10','2025-01-15',48),
(76,'2025-09-07','2025-09-10',49),
(77,'2025-10-25','2025-10-28',50),
(78,'2025-06-22','2025-06-27',51),
(79,'2025-05-22','2025-05-28',51),
(80,'2025-09-19','2025-09-25',52);
INSERT INTO `unavailabilities` (`id`,`start_date`,`end_date`,`bike_id`) VALUES
(81,'2025-01-05','2025-01-14',53),
(82,'2025-06-25','2025-07-03',54),
(83,'2025-07-11','2025-07-14',54),
(84,'2025-04-05','2025-04-14',55),
(85,'2025-04-18','2025-04-28',56),
(86,'2025-07-15','2025-07-17',57),
(87,'2025-03-01','2025-03-09',58),
(88,'2025-05-23','2025-05-29',59),
(89,'2025-03-15','2025-03-25',59),
(90,'2025-03-23','2025-03-28',60),
(91,'2025-01-24','2025-01-26',60),
(92,'2025-03-23','2025-03-26',61),
(93,'2025-05-05','2025-05-09',62),
(94,'2025-02-14','2025-02-16',63),
(95,'2025-01-25','2025-02-02',64),
(96,'2025-01-07','2025-01-09',65),
(97,'2025-01-22','2025-01-31',65),
(98,'2025-08-04','2025-08-09',66),
(99,'2025-02-10','2025-02-11',67),
(100,'2025-02-20','2025-02-24',68),
(101,'2025-03-22','2025-03-28',69),
(102,'2025-02-05','2025-02-10',70),
(103,'2025-06-06','2025-06-15',71),
(104,'2025-10-08','2025-10-17',71),
(105,'2025-02-19','2025-02-20',72),
(106,'2025-04-10','2025-04-13',73),
(107,'2025-02-07','2025-02-16',74),
(108,'2025-06-23','2025-07-03',75),
(109,'2025-03-15','2025-03-17',75),
(110,'2025-06-13','2025-06-20',76),
(111,'2025-09-08','2025-09-15',77),
(112,'2025-06-04','2025-06-12',78),
(113,'2025-09-05','2025-09-13',79),
(114,'2025-05-18','2025-05-19',80),
(115,'2025-02-11','2025-02-19',80),
(116,'2025-07-10','2025-07-18',81),
(117,'2025-11-15','2025-11-19',82),
(118,'2025-09-14','2025-09-19',82),
(119,'2025-04-03','2025-04-11',83),
(120,'2025-11-12','2025-11-15',83);
INSERT INTO `unavailabilities` (`id`,`start_date`,`end_date`,`bike_id`) VALUES
(121,'2025-11-16','2025-11-18',84),
(122,'2025-08-17','2025-08-19',85),
(123,'2025-02-05','2025-02-12',85),
(124,'2025-10-04','2025-10-07',86),
(125,'2025-02-12','2025-02-16',86),
(126,'2025-04-20','2025-04-27',87),
(127,'2025-02-08','2025-02-15',87),
(128,'2025-05-25','2025-06-04',88),
(129,'2025-10-09','2025-10-16',88),
(130,'2025-08-22','2025-09-01',89),
(131,'2025-07-16','2025-07-25',89),
(132,'2025-03-25','2025-04-02',90),
(133,'2025-02-04','2025-02-09',90),
(134,'2025-08-08','2025-08-11',91),
(135,'2025-01-04','2025-01-05',91),
(136,'2025-08-22','2025-08-23',92),
(137,'2025-07-20','2025-07-26',93),
(138,'2025-05-20','2025-05-30',94),
(139,'2025-02-22','2025-03-03',95),
(140,'2025-08-07','2025-08-12',96),
(141,'2025-11-16','2025-11-24',96),
(142,'2025-09-11','2025-09-20',97),
(143,'2025-09-01','2025-09-02',97),
(144,'2025-02-13','2025-02-21',98),
(145,'2025-06-13','2025-06-21',98),
(146,'2025-01-02','2025-01-05',99),
(147,'2025-09-22','2025-09-27',99),
(148,'2025-08-14','2025-08-17',100),
(149,'2025-07-16','2025-07-18',101),
(150,'2025-10-22','2025-10-30',101),
(151,'2025-08-18','2025-08-21',102),
(152,'2025-09-02','2025-09-09',102),
(153,'2025-08-19','2025-08-26',103),
(154,'2025-10-22','2025-10-28',103),
(155,'2025-06-02','2025-06-03',104),
(156,'2025-10-02','2025-10-05',104),
(157,'2025-06-24','2025-07-04',105),
(158,'2025-01-25','2025-01-31',105),
(159,'2025-02-14','2025-02-20',106),
(160,'2025-06-14','2025-06-20',106);
INSERT INTO `unavailabilities` (`id`,`start_date`,`end_date`,`bike_id`) VALUES
(161,'2025-11-08','2025-11-12',107),
(162,'2025-11-10','2025-11-20',108),
(163,'2025-02-10','2025-02-12',109),
(164,'2025-03-01','2025-03-10',110),
(165,'2025-06-02','2025-06-10',110),
(166,'2025-10-17','2025-10-24',111),
(167,'2025-05-01','2025-05-09',111),
(168,'2025-06-13','2025-06-23',112),
(169,'2025-06-19','2025-06-21',113),
(170,'2025-08-04','2025-08-08',113),
(171,'2025-08-17','2025-08-23',114),
(172,'2025-03-20','2025-03-25',114),
(173,'2025-07-07','2025-07-15',115),
(174,'2025-11-03','2025-11-12',115),
(175,'2025-05-09','2025-05-10',116),
(176,'2025-10-13','2025-10-17',117),
(177,'2025-10-24','2025-10-26',117),
(178,'2025-10-11','2025-10-16',118),
(179,'2025-10-17','2025-10-25',119),
(180,'2025-04-12','2025-04-14',120),
(181,'2025-11-10','2025-11-19',120);

INSERT INTO `reservations` (`id`,`created_at`,`start_location`,`end_location`,`duration`,`statut`,`assurance`,`bike_id`,`user_id`) VALUES
(1,'2024-07-08 14:16:00.000000','2024-07-22','2024-07-31',9,'CANCELLED','Aucune',103,39),
(2,'2024-08-05 10:36:00.000000','2024-08-22','2024-08-31',9,'COMPLETED','Aucune',80,66),
(3,'2024-11-09 20:39:00.000000','2024-11-27','2024-12-05',8,'COMPLETED','Premium',64,28),
(4,'2024-07-07 15:09:00.000000','2024-07-19','2024-07-20',1,'CANCELLED','Aucune',110,99),
(5,'2024-12-11 09:40:00.000000','2024-12-22','2024-12-27',5,'CANCELLED','Basique',31,20),
(6,'2024-06-30 18:38:00.000000','2024-07-09','2024-07-14',5,'CONFIRMED','Aucune',27,109),
(7,'2024-03-27 20:52:00.000000','2024-04-04','2024-04-07',3,'COMPLETED','Aucune',31,52),
(8,'2024-08-16 11:10:00.000000','2024-08-18','2024-08-25',7,'CANCELLED','Premium',40,60),
(9,'2024-01-03 18:54:00.000000','2024-01-09','2024-01-14',5,'CONFIRMED','Premium',35,18),
(10,'2024-08-15 17:19:00.000000','2024-08-26','2024-08-27',1,'COMPLETED','Aucune',6,93),
(11,'2024-07-07 11:07:00.000000','2024-07-12','2024-07-14',2,'CANCELLED','Premium',111,9),
(12,'2024-08-18 12:31:00.000000','2024-09-04','2024-09-13',9,'CONFIRMED','Premium',74,95),
(13,'2024-04-09 17:47:00.000000','2024-04-20','2024-04-22',2,'PENDING','Basique',114,12),
(14,'2024-12-19 09:11:00.000000','2024-12-24','2024-12-28',4,'CANCELLED','Aucune',50,104),
(15,'2024-07-29 16:23:00.000000','2024-08-14','2024-08-19',5,'CONFIRMED','Aucune',28,36),
(16,'2024-06-10 12:56:00.000000','2024-06-18','2024-06-25',7,'CANCELLED','Premium',90,15),
(17,'2024-03-02 08:41:00.000000','2024-03-12','2024-03-20',8,'CONFIRMED','Basique',101,120),
(18,'2024-01-19 12:35:00.000000','2024-01-27','2024-01-28',1,'CONFIRMED','Premium',116,78),
(19,'2024-11-05 11:54:00.000000','2024-11-23','2024-11-29',6,'CONFIRMED','Aucune',50,40),
(20,'2024-01-05 12:13:00.000000','2024-01-13','2024-01-18',5,'COMPLETED','Aucune',57,50),
(21,'2024-03-01 20:02:00.000000','2024-03-15','2024-03-21',6,'PENDING','Premium',111,114),
(22,'2024-02-13 13:45:00.000000','2024-02-27','2024-03-06',8,'CANCELLED','Premium',36,111),
(23,'2024-02-10 09:22:00.000000','2024-02-27','2024-03-01',3,'CONFIRMED','Basique',55,113),
(24,'2024-12-12 19:01:00.000000','2024-12-27','2025-01-05',9,'PENDING','Basique',54,78),
(25,'2024-11-16 08:25:00.000000','2024-11-21','2024-11-24',3,'CONFIRMED','Basique',98,7),
(26,'2024-05-05 11:33:00.000000','2024-05-11','2024-05-21',10,'COMPLETED','Aucune',26,81),
(27,'2024-11-11 20:20:00.000000','2024-11-25','2024-11-28',3,'CONFIRMED','Premium',92,99),
(28,'2024-11-16 13:51:00.000000','2024-12-05','2024-12-10',5,'COMPLETED','Premium',58,62),
(29,'2024-02-01 17:14:00.000000','2024-02-14','2024-02-20',6,'COMPLETED','Basique',37,26),
(30,'2024-09-18 15:12:00.000000','2024-09-21','2024-10-01',10,'CONFIRMED','Aucune',3,3),
(31,'2024-02-11 12:09:00.000000','2024-03-02','2024-03-09',7,'CONFIRMED','Basique',34,90),
(32,'2024-03-02 14:49:00.000000','2024-03-19','2024-03-21',2,'COMPLETED','Premium',12,48),
(33,'2024-08-20 11:55:00.000000','2024-08-27','2024-09-04',8,'COMPLETED','Aucune',118,119),
(34,'2024-04-26 11:38:00.000000','2024-05-10','2024-05-18',8,'CANCELLED','Aucune',105,101),
(35,'2024-05-10 20:09:00.000000','2024-05-24','2024-05-28',4,'CANCELLED','Aucune',28,106),
(36,'2024-04-26 17:43:00.000000','2024-05-08','2024-05-18',10,'CANCELLED','Aucune',4,38),
(37,'2024-01-19 18:13:00.000000','2024-02-01','2024-02-09',8,'COMPLETED','Basique',83,59),
(38,'2024-12-10 16:03:00.000000','2024-12-14','2024-12-24',10,'COMPLETED','Aucune',92,50),
(39,'2024-03-27 19:47:00.000000','2024-04-16','2024-04-22',6,'CONFIRMED','Premium',7,43),
(40,'2023-12-30 14:42:00.000000','2024-01-09','2024-01-18',9,'CONFIRMED','Basique',104,6);
INSERT INTO `reservations` (`id`,`created_at`,`start_location`,`end_location`,`duration`,`statut`,`assurance`,`bike_id`,`user_id`) VALUES
(41,'2024-08-27 16:31:00.000000','2024-09-02','2024-09-12',10,'COMPLETED','Basique',48,17),
(42,'2024-07-19 14:09:00.000000','2024-08-05','2024-08-07',2,'CANCELLED','Premium',120,44),
(43,'2024-05-21 14:18:00.000000','2024-06-02','2024-06-05',3,'CANCELLED','Basique',34,15),
(44,'2024-05-06 10:20:00.000000','2024-05-20','2024-05-25',5,'CANCELLED','Basique',116,113),
(45,'2024-03-13 08:14:00.000000','2024-03-18','2024-03-26',8,'COMPLETED','Aucune',95,63),
(46,'2024-07-26 09:57:00.000000','2024-08-09','2024-08-12',3,'CONFIRMED','Basique',24,5),
(47,'2023-12-30 15:31:00.000000','2024-01-15','2024-01-21',6,'CONFIRMED','Premium',119,64),
(48,'2024-11-28 12:11:00.000000','2024-12-05','2024-12-07',2,'CANCELLED','Aucune',15,109),
(49,'2024-11-28 11:37:00.000000','2024-12-17','2024-12-22',5,'CANCELLED','Premium',107,22),
(50,'2024-09-20 18:06:00.000000','2024-10-06','2024-10-13',7,'COMPLETED','Aucune',1,68),
(51,'2023-12-22 09:53:00.000000','2024-01-10','2024-01-12',2,'CANCELLED','Basique',114,43),
(52,'2023-12-18 15:40:00.000000','2024-01-03','2024-01-11',8,'CONFIRMED','Premium',42,20),
(53,'2024-10-12 15:20:00.000000','2024-11-01','2024-11-07',6,'COMPLETED','Premium',35,77),
(54,'2024-09-25 13:51:00.000000','2024-10-05','2024-10-09',4,'COMPLETED','Premium',94,94),
(55,'2024-02-05 12:11:00.000000','2024-02-18','2024-02-28',10,'CANCELLED','Aucune',8,96),
(56,'2024-06-20 20:25:00.000000','2024-07-03','2024-07-04',1,'COMPLETED','Aucune',31,99),
(57,'2024-10-22 19:51:00.000000','2024-11-05','2024-11-07',2,'COMPLETED','Basique',37,83),
(58,'2024-11-16 13:32:00.000000','2024-11-20','2024-11-23',3,'CANCELLED','Premium',118,40),
(59,'2024-07-24 14:05:00.000000','2024-08-13','2024-08-21',8,'COMPLETED','Premium',26,63),
(60,'2024-06-06 09:02:00.000000','2024-06-20','2024-06-23',3,'CANCELLED','Premium',97,55),
(61,'2024-08-17 15:33:00.000000','2024-08-22','2024-08-26',4,'CONFIRMED','Premium',66,44),
(62,'2024-08-31 20:30:00.000000','2024-09-03','2024-09-08',5,'CANCELLED','Basique',81,83),
(63,'2024-03-08 12:36:00.000000','2024-03-22','2024-03-27',5,'COMPLETED','Premium',39,20),
(64,'2024-01-19 14:06:00.000000','2024-02-02','2024-02-11',9,'COMPLETED','Premium',7,71),
(65,'2024-11-30 09:49:00.000000','2024-12-19','2024-12-24',5,'CANCELLED','Basique',60,85),
(66,'2024-02-11 08:05:00.000000','2024-02-24','2024-03-03',8,'COMPLETED','Aucune',65,3),
(67,'2024-11-25 20:42:00.000000','2024-12-10','2024-12-16',6,'CONFIRMED','Premium',54,113),
(68,'2024-05-08 19:38:00.000000','2024-05-11','2024-05-14',3,'COMPLETED','Aucune',58,80),
(69,'2024-11-03 14:07:00.000000','2024-11-04','2024-11-11',7,'CANCELLED','Aucune',34,112),
(70,'2024-10-27 19:31:00.000000','2024-11-16','2024-11-24',8,'CONFIRMED','Basique',2,22),
(71,'2024-10-07 10:00:00.000000','2024-10-12','2024-10-19',7,'COMPLETED','Aucune',39,80),
(72,'2024-01-07 18:09:00.000000','2024-01-23','2024-01-27',4,'COMPLETED','Aucune',25,15),
(73,'2024-07-17 20:29:00.000000','2024-07-27','2024-08-05',9,'COMPLETED','Aucune',84,31),
(74,'2024-06-16 15:30:00.000000','2024-07-01','2024-07-03',2,'COMPLETED','Aucune',19,61),
(75,'2024-07-31 14:03:00.000000','2024-08-19','2024-08-23',4,'COMPLETED','Basique',3,111),
(76,'2024-02-02 17:46:00.000000','2024-02-21','2024-02-28',7,'CANCELLED','Basique',43,2),
(77,'2023-12-28 19:39:00.000000','2024-01-16','2024-01-23',7,'CANCELLED','Premium',71,38),
(78,'2024-07-25 17:20:00.000000','2024-08-08','2024-08-09',1,'CANCELLED','Aucune',120,87),
(79,'2024-05-05 17:41:00.000000','2024-05-21','2024-05-28',7,'CANCELLED','Aucune',71,9),
(80,'2024-12-07 15:22:00.000000','2024-12-14','2024-12-15',1,'COMPLETED','Basique',45,58);
INSERT INTO `reservations` (`id`,`created_at`,`start_location`,`end_location`,`duration`,`statut`,`assurance`,`bike_id`,`user_id`) VALUES
(81,'2024-08-19 19:42:00.000000','2024-09-08','2024-09-18',10,'CONFIRMED','Basique',57,30),
(82,'2024-05-12 20:30:00.000000','2024-05-24','2024-05-31',7,'CANCELLED','Premium',60,17),
(83,'2024-03-17 18:30:00.000000','2024-03-20','2024-03-24',4,'COMPLETED','Premium',103,109),
(84,'2024-03-23 15:19:00.000000','2024-04-06','2024-04-16',10,'CANCELLED','Aucune',17,23),
(85,'2024-08-21 18:10:00.000000','2024-09-02','2024-09-03',1,'CANCELLED','Basique',31,27),
(86,'2024-08-29 17:14:00.000000','2024-09-02','2024-09-04',2,'CANCELLED','Basique',23,106),
(87,'2024-04-14 20:56:00.000000','2024-04-16','2024-04-21',5,'CANCELLED','Basique',16,72),
(88,'2024-03-19 19:03:00.000000','2024-03-23','2024-04-01',9,'CONFIRMED','Premium',72,35),
(89,'2024-08-07 20:54:00.000000','2024-08-27','2024-08-29',2,'COMPLETED','Premium',119,57),
(90,'2024-08-29 11:58:00.000000','2024-09-02','2024-09-11',9,'COMPLETED','Aucune',14,106),
(91,'2024-11-24 19:55:00.000000','2024-12-10','2024-12-18',8,'PENDING','Premium',47,21),
(92,'2024-11-05 15:26:00.000000','2024-11-12','2024-11-18',6,'COMPLETED','Aucune',13,20),
(93,'2023-12-22 10:05:00.000000','2024-01-08','2024-01-16',8,'CANCELLED','Basique',99,99),
(94,'2024-12-17 10:48:00.000000','2024-12-25','2025-01-01',7,'CANCELLED','Premium',35,48),
(95,'2024-07-12 14:57:00.000000','2024-07-26','2024-07-30',4,'COMPLETED','Basique',97,68),
(96,'2024-09-21 20:00:00.000000','2024-09-26','2024-10-02',6,'COMPLETED','Basique',59,110),
(97,'2024-08-21 20:10:00.000000','2024-09-03','2024-09-05',2,'CANCELLED','Basique',92,104),
(98,'2024-07-20 17:03:00.000000','2024-07-25','2024-07-26',1,'CONFIRMED','Premium',56,8),
(99,'2024-10-30 12:46:00.000000','2024-11-17','2024-11-22',5,'CANCELLED','Basique',81,92),
(100,'2024-05-27 19:25:00.000000','2024-06-01','2024-06-06',5,'CANCELLED','Premium',96,41),
(101,'2024-04-03 19:22:00.000000','2024-04-18','2024-04-28',10,'CONFIRMED','Premium',58,83),
(102,'2024-11-11 16:21:00.000000','2024-11-13','2024-11-17',4,'COMPLETED','Aucune',114,104),
(103,'2024-12-14 11:05:00.000000','2024-12-24','2024-12-27',3,'CANCELLED','Premium',50,93),
(104,'2024-05-11 08:01:00.000000','2024-05-17','2024-05-23',6,'PENDING','Premium',66,71),
(105,'2024-09-05 16:07:00.000000','2024-09-19','2024-09-24',5,'COMPLETED','Basique',114,102),
(106,'2024-06-07 20:41:00.000000','2024-06-09','2024-06-18',9,'CANCELLED','Aucune',94,8),
(107,'2024-05-11 20:47:00.000000','2024-05-19','2024-05-20',1,'CANCELLED','Basique',16,58),
(108,'2024-12-09 12:18:00.000000','2024-12-21','2024-12-30',9,'CONFIRMED','Aucune',75,73),
(109,'2024-12-02 19:15:00.000000','2024-12-19','2024-12-22',3,'CONFIRMED','Basique',86,101),
(110,'2024-09-04 09:09:00.000000','2024-09-19','2024-09-23',4,'PENDING','Basique',14,42),
(111,'2024-06-28 15:13:00.000000','2024-07-03','2024-07-05',2,'COMPLETED','Basique',92,55),
(112,'2024-06-04 16:49:00.000000','2024-06-22','2024-07-01',9,'CANCELLED','Premium',58,10),
(113,'2024-05-04 19:59:00.000000','2024-05-19','2024-05-27',8,'CONFIRMED','Basique',51,112),
(114,'2024-07-22 15:45:00.000000','2024-07-27','2024-07-30',3,'COMPLETED','Premium',63,94),
(115,'2024-12-10 15:30:00.000000','2024-12-17','2024-12-26',9,'COMPLETED','Premium',59,17),
(116,'2024-03-04 09:07:00.000000','2024-03-18','2024-03-24',6,'COMPLETED','Premium',5,96),
(117,'2024-04-20 12:23:00.000000','2024-05-02','2024-05-11',9,'COMPLETED','Aucune',48,74),
(118,'2024-07-18 08:59:00.000000','2024-08-01','2024-08-04',3,'COMPLETED','Premium',39,38),
(119,'2024-05-06 09:35:00.000000','2024-05-07','2024-05-10',3,'PENDING','Basique',115,40),
(120,'2023-12-26 15:57:00.000000','2024-01-14','2024-01-22',8,'CANCELLED','Basique',45,9);
INSERT INTO `reservations` (`id`,`created_at`,`start_location`,`end_location`,`duration`,`statut`,`assurance`,`bike_id`,`user_id`) VALUES
(121,'2024-06-29 18:29:00.000000','2024-07-16','2024-07-26',10,'COMPLETED','Aucune',44,101),
(122,'2024-11-12 20:39:00.000000','2024-11-15','2024-11-18',3,'PENDING','Basique',98,58),
(123,'2024-06-25 08:42:00.000000','2024-07-13','2024-07-17',4,'CANCELLED','Basique',86,80),
(124,'2024-12-08 17:40:00.000000','2024-12-09','2024-12-11',2,'COMPLETED','Premium',114,57),
(125,'2024-11-22 09:12:00.000000','2024-12-10','2024-12-19',9,'CONFIRMED','Aucune',102,99),
(126,'2024-10-18 20:30:00.000000','2024-10-25','2024-10-26',1,'CANCELLED','Premium',80,70),
(127,'2023-12-26 20:13:00.000000','2024-01-04','2024-01-13',9,'COMPLETED','Aucune',65,115),
(128,'2024-12-09 17:20:00.000000','2024-12-27','2025-01-06',10,'CANCELLED','Aucune',32,107),
(129,'2024-01-10 14:01:00.000000','2024-01-16','2024-01-17',1,'CANCELLED','Basique',52,76),
(130,'2024-06-09 16:10:00.000000','2024-06-13','2024-06-18',5,'COMPLETED','Aucune',111,68),
(131,'2024-02-24 18:10:00.000000','2024-03-09','2024-03-11',2,'COMPLETED','Basique',37,19),
(132,'2024-05-27 14:06:00.000000','2024-06-06','2024-06-07',1,'CONFIRMED','Aucune',8,79),
(133,'2024-07-09 11:15:00.000000','2024-07-11','2024-07-16',5,'CANCELLED','Aucune',41,19),
(134,'2024-09-25 09:17:00.000000','2024-10-08','2024-10-16',8,'CANCELLED','Premium',97,77),
(135,'2024-08-17 14:40:00.000000','2024-08-18','2024-08-25',7,'COMPLETED','Basique',8,41),
(136,'2024-01-05 11:48:00.000000','2024-01-09','2024-01-18',9,'CONFIRMED','Premium',30,114),
(137,'2024-03-07 18:32:00.000000','2024-03-10','2024-03-20',10,'CANCELLED','Basique',72,84),
(138,'2024-02-23 14:58:00.000000','2024-03-12','2024-03-21',9,'COMPLETED','Aucune',27,101),
(139,'2023-12-26 08:03:00.000000','2024-01-01','2024-01-09',8,'CONFIRMED','Basique',72,58),
(140,'2024-07-27 13:53:00.000000','2024-08-09','2024-08-19',10,'COMPLETED','Premium',120,118),
(141,'2024-10-21 19:34:00.000000','2024-10-27','2024-11-05',9,'COMPLETED','Aucune',81,28),
(142,'2024-04-28 19:35:00.000000','2024-05-03','2024-05-10',7,'CONFIRMED','Aucune',73,9),
(143,'2024-06-26 18:16:00.000000','2024-07-07','2024-07-17',10,'CANCELLED','Basique',36,113),
(144,'2024-07-29 11:29:00.000000','2024-08-09','2024-08-13',4,'CONFIRMED','Basique',97,91),
(145,'2024-01-03 15:00:00.000000','2024-01-23','2024-01-26',3,'CONFIRMED','Aucune',77,43),
(146,'2024-10-21 20:25:00.000000','2024-11-06','2024-11-13',7,'CANCELLED','Premium',116,2),
(147,'2024-11-06 18:07:00.000000','2024-11-21','2024-11-23',2,'CANCELLED','Aucune',69,11),
(148,'2024-07-21 20:51:00.000000','2024-07-27','2024-08-06',10,'CANCELLED','Basique',46,105),
(149,'2024-02-14 11:47:00.000000','2024-02-15','2024-02-21',6,'COMPLETED','Basique',90,2),
(150,'2024-05-02 18:19:00.000000','2024-05-22','2024-05-28',6,'COMPLETED','Aucune',3,98),
(151,'2024-03-30 15:57:00.000000','2024-04-08','2024-04-16',8,'CANCELLED','Aucune',104,92),
(152,'2024-09-24 09:55:00.000000','2024-10-07','2024-10-08',1,'COMPLETED','Premium',91,91),
(153,'2024-08-28 18:43:00.000000','2024-09-16','2024-09-19',3,'CANCELLED','Aucune',36,73),
(154,'2024-02-29 10:16:00.000000','2024-03-03','2024-03-13',10,'COMPLETED','Premium',78,73),
(155,'2024-04-16 19:43:00.000000','2024-04-17','2024-04-22',5,'COMPLETED','Premium',120,73),
(156,'2024-05-08 18:43:00.000000','2024-05-22','2024-05-31',9,'CANCELLED','Aucune',69,79),
(157,'2024-05-28 15:31:00.000000','2024-06-14','2024-06-21',7,'COMPLETED','Aucune',84,7),
(158,'2024-01-10 16:28:00.000000','2024-01-24','2024-01-28',4,'COMPLETED','Basique',47,67),
(159,'2024-07-06 19:14:00.000000','2024-07-07','2024-07-13',6,'COMPLETED','Premium',41,1),
(160,'2024-01-29 09:40:00.000000','2024-02-08','2024-02-12',4,'COMPLETED','Basique',89,55);
INSERT INTO `reservations` (`id`,`created_at`,`start_location`,`end_location`,`duration`,`statut`,`assurance`,`bike_id`,`user_id`) VALUES
(161,'2024-01-05 12:15:00.000000','2024-01-16','2024-01-23',7,'COMPLETED','Premium',81,13),
(162,'2024-04-03 09:49:00.000000','2024-04-11','2024-04-12',1,'CANCELLED','Premium',14,61),
(163,'2024-08-06 09:05:00.000000','2024-08-25','2024-08-27',2,'CONFIRMED','Basique',77,80),
(164,'2024-01-08 08:58:00.000000','2024-01-13','2024-01-19',6,'CONFIRMED','Aucune',8,118),
(165,'2024-01-07 09:43:00.000000','2024-01-10','2024-01-20',10,'CONFIRMED','Basique',103,57),
(166,'2023-12-21 20:26:00.000000','2024-01-10','2024-01-17',7,'CANCELLED','Aucune',8,72),
(167,'2024-10-13 15:50:00.000000','2024-10-26','2024-11-05',10,'COMPLETED','Basique',30,111),
(168,'2024-10-19 15:33:00.000000','2024-10-20','2024-10-22',2,'CANCELLED','Premium',55,113),
(169,'2024-04-01 17:50:00.000000','2024-04-04','2024-04-06',2,'COMPLETED','Premium',43,76),
(170,'2024-09-21 15:46:00.000000','2024-10-05','2024-10-14',9,'COMPLETED','Basique',108,25),
(171,'2024-03-03 12:37:00.000000','2024-03-08','2024-03-11',3,'COMPLETED','Aucune',80,57),
(172,'2024-11-07 20:09:00.000000','2024-11-25','2024-12-01',6,'COMPLETED','Premium',56,66),
(173,'2024-05-19 16:37:00.000000','2024-05-20','2024-05-26',6,'COMPLETED','Basique',19,61),
(174,'2024-02-29 14:22:00.000000','2024-03-02','2024-03-06',4,'CANCELLED','Premium',85,87),
(175,'2024-10-22 19:44:00.000000','2024-11-07','2024-11-09',2,'CANCELLED','Aucune',26,26),
(176,'2024-11-21 12:26:00.000000','2024-12-11','2024-12-21',10,'CANCELLED','Basique',60,77),
(177,'2024-02-14 18:14:00.000000','2024-02-15','2024-02-16',1,'CANCELLED','Aucune',43,21),
(178,'2024-08-09 20:47:00.000000','2024-08-20','2024-08-24',4,'COMPLETED','Basique',89,30),
(179,'2024-07-03 13:01:00.000000','2024-07-06','2024-07-07',1,'CANCELLED','Aucune',49,27),
(180,'2024-02-20 20:23:00.000000','2024-03-10','2024-03-18',8,'COMPLETED','Premium',72,15),
(181,'2024-03-29 19:11:00.000000','2024-04-07','2024-04-12',5,'COMPLETED','Aucune',6,4),
(182,'2024-09-02 12:58:00.000000','2024-09-08','2024-09-11',3,'COMPLETED','Aucune',44,109),
(183,'2024-10-25 11:19:00.000000','2024-11-05','2024-11-12',7,'CONFIRMED','Aucune',13,3),
(184,'2024-06-09 20:39:00.000000','2024-06-26','2024-07-02',6,'CONFIRMED','Aucune',59,31),
(185,'2024-11-26 11:34:00.000000','2024-12-03','2024-12-05',2,'COMPLETED','Aucune',113,56),
(186,'2024-06-03 08:48:00.000000','2024-06-11','2024-06-21',10,'CANCELLED','Premium',49,89),
(187,'2024-04-10 08:40:00.000000','2024-04-18','2024-04-23',5,'COMPLETED','Basique',79,76),
(188,'2024-03-14 20:30:00.000000','2024-03-17','2024-03-27',10,'CANCELLED','Aucune',102,36),
(189,'2024-09-16 13:31:00.000000','2024-10-03','2024-10-06',3,'CANCELLED','Basique',102,85),
(190,'2024-02-24 19:31:00.000000','2024-03-11','2024-03-17',6,'CANCELLED','Premium',67,60),
(191,'2024-10-06 11:57:00.000000','2024-10-13','2024-10-23',10,'CONFIRMED','Aucune',61,35),
(192,'2024-03-31 17:10:00.000000','2024-04-13','2024-04-17',4,'COMPLETED','Basique',26,58),
(193,'2024-06-06 12:28:00.000000','2024-06-09','2024-06-18',9,'COMPLETED','Aucune',120,108),
(194,'2024-03-30 13:27:00.000000','2024-04-19','2024-04-20',1,'CANCELLED','Premium',67,46),
(195,'2024-07-05 14:01:00.000000','2024-07-14','2024-07-20',6,'CANCELLED','Basique',58,60),
(196,'2024-03-30 16:32:00.000000','2024-04-09','2024-04-11',2,'CANCELLED','Aucune',23,57),
(197,'2024-02-22 09:23:00.000000','2024-02-26','2024-03-02',5,'COMPLETED','Aucune',70,83),
(198,'2024-04-02 12:47:00.000000','2024-04-11','2024-04-15',4,'CONFIRMED','Basique',5,70),
(199,'2024-11-04 20:45:00.000000','2024-11-09','2024-11-13',4,'CONFIRMED','Premium',105,99),
(200,'2024-04-18 14:52:00.000000','2024-05-01','2024-05-06',5,'COMPLETED','Basique',95,70);
INSERT INTO `reservations` (`id`,`created_at`,`start_location`,`end_location`,`duration`,`statut`,`assurance`,`bike_id`,`user_id`) VALUES
(201,'2024-10-27 14:14:00.000000','2024-11-01','2024-11-09',8,'CONFIRMED','Premium',75,97),
(202,'2024-11-18 20:35:00.000000','2024-12-07','2024-12-15',8,'COMPLETED','Premium',30,93),
(203,'2024-12-16 11:27:00.000000','2024-12-27','2025-01-04',8,'CANCELLED','Aucune',97,60),
(204,'2024-07-06 13:08:00.000000','2024-07-07','2024-07-15',8,'CANCELLED','Premium',99,90),
(205,'2024-02-27 13:14:00.000000','2024-03-10','2024-03-11',1,'CANCELLED','Premium',74,112),
(206,'2024-11-07 12:20:00.000000','2024-11-25','2024-12-02',7,'PENDING','Premium',54,55),
(207,'2024-10-15 17:40:00.000000','2024-10-26','2024-10-27',1,'COMPLETED','Aucune',76,3),
(208,'2024-10-06 09:34:00.000000','2024-10-19','2024-10-26',7,'CANCELLED','Aucune',103,78),
(209,'2024-07-25 09:10:00.000000','2024-08-04','2024-08-10',6,'CANCELLED','Basique',50,25),
(210,'2024-08-21 08:11:00.000000','2024-09-06','2024-09-07',1,'CONFIRMED','Premium',14,87),
(211,'2024-06-23 09:29:00.000000','2024-07-10','2024-07-14',4,'COMPLETED','Basique',26,9),
(212,'2024-08-19 10:07:00.000000','2024-09-01','2024-09-04',3,'CANCELLED','Basique',8,48),
(213,'2024-07-11 11:19:00.000000','2024-07-16','2024-07-18',2,'CANCELLED','Aucune',17,69),
(214,'2024-12-03 12:37:00.000000','2024-12-22','2024-12-30',8,'COMPLETED','Premium',56,105),
(215,'2024-12-21 10:28:00.000000','2024-12-22','2024-12-30',8,'COMPLETED','Aucune',26,65),
(216,'2024-07-01 15:29:00.000000','2024-07-20','2024-07-24',4,'CANCELLED','Basique',9,106),
(217,'2024-01-09 13:44:00.000000','2024-01-24','2024-01-26',2,'COMPLETED','Premium',60,74),
(218,'2024-05-05 10:57:00.000000','2024-05-13','2024-05-23',10,'COMPLETED','Basique',108,92),
(219,'2024-06-26 09:25:00.000000','2024-07-15','2024-07-22',7,'CONFIRMED','Aucune',80,94),
(220,'2024-03-27 18:58:00.000000','2024-04-06','2024-04-11',5,'CONFIRMED','Premium',90,6),
(221,'2024-12-06 09:23:00.000000','2024-12-24','2024-12-28',4,'CANCELLED','Basique',9,90),
(222,'2024-02-11 12:13:00.000000','2024-02-17','2024-02-23',6,'CANCELLED','Basique',10,97),
(223,'2024-07-17 14:21:00.000000','2024-08-01','2024-08-03',2,'CONFIRMED','Premium',65,6),
(224,'2024-04-09 19:58:00.000000','2024-04-13','2024-04-14',1,'COMPLETED','Basique',96,52),
(225,'2024-11-21 09:35:00.000000','2024-11-24','2024-12-02',8,'CANCELLED','Basique',18,42),
(226,'2024-12-09 10:53:00.000000','2024-12-15','2024-12-18',3,'CANCELLED','Basique',85,32),
(227,'2024-01-24 10:04:00.000000','2024-02-06','2024-02-11',5,'COMPLETED','Premium',3,78),
(228,'2024-01-10 10:13:00.000000','2024-01-22','2024-01-27',5,'COMPLETED','Basique',86,98),
(229,'2024-11-16 18:51:00.000000','2024-11-18','2024-11-22',4,'CANCELLED','Premium',92,5),
(230,'2024-11-13 15:03:00.000000','2024-11-23','2024-11-25',2,'CANCELLED','Premium',67,83),
(231,'2024-01-17 13:58:00.000000','2024-01-25','2024-02-01',7,'PENDING','Aucune',77,1),
(232,'2024-01-21 11:43:00.000000','2024-02-01','2024-02-08',7,'COMPLETED','Aucune',31,26),
(233,'2024-04-02 14:32:00.000000','2024-04-04','2024-04-07',3,'PENDING','Aucune',86,9),
(234,'2024-05-22 11:59:00.000000','2024-06-11','2024-06-20',9,'CONFIRMED','Aucune',14,105),
(235,'2024-06-22 13:11:00.000000','2024-07-04','2024-07-08',4,'COMPLETED','Aucune',70,51),
(236,'2024-10-27 11:04:00.000000','2024-11-11','2024-11-12',1,'CANCELLED','Aucune',2,52),
(237,'2024-05-18 11:26:00.000000','2024-05-21','2024-05-31',10,'CANCELLED','Aucune',85,105),
(238,'2024-09-27 10:16:00.000000','2024-10-16','2024-10-18',2,'CONFIRMED','Premium',39,99),
(239,'2024-06-16 13:11:00.000000','2024-06-21','2024-06-28',7,'CONFIRMED','Premium',13,77),
(240,'2024-12-10 17:58:00.000000','2024-12-11','2024-12-19',8,'COMPLETED','Basique',82,98);
INSERT INTO `reservations` (`id`,`created_at`,`start_location`,`end_location`,`duration`,`statut`,`assurance`,`bike_id`,`user_id`) VALUES
(241,'2024-07-16 11:01:00.000000','2024-07-17','2024-07-21',4,'CANCELLED','Premium',75,58),
(242,'2024-02-02 17:05:00.000000','2024-02-10','2024-02-14',4,'PENDING','Basique',79,98),
(243,'2024-06-03 11:41:00.000000','2024-06-16','2024-06-21',5,'COMPLETED','Aucune',8,18),
(244,'2024-12-15 12:20:00.000000','2024-12-20','2024-12-28',8,'PENDING','Basique',5,31),
(245,'2024-01-16 11:54:00.000000','2024-01-17','2024-01-24',7,'CONFIRMED','Basique',83,101),
(246,'2024-05-31 20:43:00.000000','2024-06-08','2024-06-12',4,'CANCELLED','Aucune',94,43),
(247,'2024-04-14 15:40:00.000000','2024-04-20','2024-04-27',7,'CANCELLED','Basique',90,93),
(248,'2024-07-29 11:08:00.000000','2024-08-03','2024-08-07',4,'COMPLETED','Premium',1,9),
(249,'2024-10-15 14:46:00.000000','2024-10-18','2024-10-22',4,'COMPLETED','Premium',12,23),
(250,'2024-03-18 17:15:00.000000','2024-03-24','2024-03-28',4,'COMPLETED','Basique',60,40),
(251,'2024-10-12 13:25:00.000000','2024-10-15','2024-10-19',4,'COMPLETED','Basique',39,37),
(252,'2024-08-01 20:09:00.000000','2024-08-15','2024-08-22',7,'CANCELLED','Premium',49,22),
(253,'2024-07-22 17:34:00.000000','2024-08-01','2024-08-08',7,'CANCELLED','Aucune',105,102),
(254,'2024-11-26 15:18:00.000000','2024-12-06','2024-12-11',5,'CANCELLED','Basique',20,71),
(255,'2024-09-30 11:09:00.000000','2024-10-16','2024-10-18',2,'CANCELLED','Aucune',49,72),
(256,'2023-12-20 15:25:00.000000','2024-01-01','2024-01-10',9,'PENDING','Premium',118,25),
(257,'2024-07-14 18:37:00.000000','2024-07-24','2024-07-30',6,'CANCELLED','Basique',119,54),
(258,'2023-12-28 20:27:00.000000','2024-01-04','2024-01-11',7,'CANCELLED','Aucune',10,53),
(259,'2024-11-30 19:03:00.000000','2024-12-12','2024-12-21',9,'CONFIRMED','Basique',33,99),
(260,'2024-07-22 13:40:00.000000','2024-07-24','2024-07-28',4,'COMPLETED','Basique',84,50),
(261,'2024-01-08 18:09:00.000000','2024-01-23','2024-01-26',3,'COMPLETED','Premium',91,87),
(262,'2024-10-16 18:45:00.000000','2024-10-19','2024-10-22',3,'COMPLETED','Aucune',33,32),
(263,'2024-07-16 14:10:00.000000','2024-07-23','2024-08-02',10,'COMPLETED','Premium',118,50),
(264,'2024-05-10 17:19:00.000000','2024-05-23','2024-05-28',5,'CANCELLED','Premium',107,55),
(265,'2024-11-21 10:17:00.000000','2024-12-03','2024-12-05',2,'CONFIRMED','Premium',94,53),
(266,'2024-11-27 08:06:00.000000','2024-12-13','2024-12-18',5,'COMPLETED','Aucune',96,27),
(267,'2024-12-04 19:27:00.000000','2024-12-14','2024-12-23',9,'CANCELLED','Premium',9,100),
(268,'2024-05-31 16:07:00.000000','2024-06-06','2024-06-09',3,'COMPLETED','Basique',22,23),
(269,'2024-03-31 20:48:00.000000','2024-04-06','2024-04-10',4,'COMPLETED','Premium',58,73),
(270,'2024-07-09 09:18:00.000000','2024-07-15','2024-07-25',10,'COMPLETED','Premium',25,34),
(271,'2024-01-21 11:30:00.000000','2024-02-09','2024-02-11',2,'CANCELLED','Aucune',11,49),
(272,'2024-01-13 20:02:00.000000','2024-02-01','2024-02-02',1,'COMPLETED','Aucune',63,87),
(273,'2024-09-09 20:17:00.000000','2024-09-26','2024-09-27',1,'CANCELLED','Premium',13,28),
(274,'2024-08-14 13:43:00.000000','2024-08-25','2024-08-31',6,'CONFIRMED','Basique',120,63),
(275,'2024-06-14 14:39:00.000000','2024-06-27','2024-07-01',4,'CANCELLED','Premium',114,44),
(276,'2024-06-13 19:53:00.000000','2024-06-26','2024-06-28',2,'COMPLETED','Basique',8,46),
(277,'2024-02-21 19:48:00.000000','2024-03-01','2024-03-11',10,'COMPLETED','Premium',114,119),
(278,'2024-05-30 16:26:00.000000','2024-06-15','2024-06-25',10,'CONFIRMED','Premium',105,32),
(279,'2024-01-09 08:51:00.000000','2024-01-21','2024-01-27',6,'COMPLETED','Premium',85,25),
(280,'2024-11-02 19:39:00.000000','2024-11-15','2024-11-19',4,'CONFIRMED','Basique',95,42);
INSERT INTO `reservations` (`id`,`created_at`,`start_location`,`end_location`,`duration`,`statut`,`assurance`,`bike_id`,`user_id`) VALUES
(281,'2024-06-10 19:24:00.000000','2024-06-14','2024-06-22',8,'CONFIRMED','Premium',102,11),
(282,'2024-04-06 08:08:00.000000','2024-04-23','2024-04-26',3,'CANCELLED','Premium',38,78),
(283,'2024-01-26 09:30:00.000000','2024-02-10','2024-02-19',9,'CANCELLED','Aucune',64,102),
(284,'2024-04-05 09:27:00.000000','2024-04-08','2024-04-12',4,'COMPLETED','Premium',85,70),
(285,'2024-03-03 19:16:00.000000','2024-03-11','2024-03-18',7,'PENDING','Basique',92,4),
(286,'2024-10-19 09:50:00.000000','2024-11-04','2024-11-07',3,'CANCELLED','Premium',86,61),
(287,'2024-04-08 14:58:00.000000','2024-04-19','2024-04-29',10,'COMPLETED','Premium',89,43),
(288,'2024-12-06 14:51:00.000000','2024-12-24','2024-12-31',7,'CONFIRMED','Premium',92,96),
(289,'2024-05-01 13:47:00.000000','2024-05-04','2024-05-09',5,'COMPLETED','Aucune',30,29),
(290,'2024-04-19 13:24:00.000000','2024-04-24','2024-04-26',2,'CANCELLED','Basique',76,120),
(291,'2024-01-03 14:27:00.000000','2024-01-10','2024-01-11',1,'CONFIRMED','Premium',74,95),
(292,'2024-06-06 17:14:00.000000','2024-06-26','2024-06-29',3,'CANCELLED','Premium',41,99),
(293,'2024-01-08 11:31:00.000000','2024-01-18','2024-01-26',8,'CANCELLED','Aucune',14,51),
(294,'2024-03-18 17:20:00.000000','2024-03-20','2024-03-25',5,'COMPLETED','Premium',88,59),
(295,'2024-11-18 18:53:00.000000','2024-12-04','2024-12-09',5,'CONFIRMED','Premium',40,65),
(296,'2024-05-18 19:13:00.000000','2024-05-23','2024-05-30',7,'COMPLETED','Basique',28,64),
(297,'2024-04-07 19:25:00.000000','2024-04-23','2024-04-24',1,'PENDING','Aucune',109,94),
(298,'2024-10-26 14:43:00.000000','2024-11-06','2024-11-07',1,'CANCELLED','Basique',39,105),
(299,'2024-07-03 12:44:00.000000','2024-07-13','2024-07-15',2,'CANCELLED','Premium',61,45),
(300,'2024-12-07 20:50:00.000000','2024-12-18','2024-12-25',7,'COMPLETED','Aucune',119,25);

INSERT INTO `payments` (`id`,`created_at`,`payment_mode`,`total_price`,`statut`,`reservation_id`,`part_bikeshare`) VALUES
(1,'2024-07-20 15:41:00','STRIPE',194.47,'REFUNDED',1,15.56),
(2,'2024-08-19 19:30:00','STRIPE',119.47,'PAID',2,9.56),
(3,'2024-11-26 11:51:00','STRIPE',126.57,'PAID',3,10.13),
(4,'2024-07-19 13:46:00','STRIPE',34.97,'REFUNDED',4,2.8),
(5,'2024-12-21 14:27:00','STRIPE',135.61,'REFUNDED',5,10.85),
(6,'2024-07-09 09:22:00','STRIPE',117.94,'PAID',6,9.44),
(7,'2024-04-04 09:32:00','STRIPE',88.45,'PAID',7,7.08),
(8,'2024-08-15 10:40:00','STRIPE',171.01,'REFUNDED',8,13.68),
(9,'2024-01-09 09:15:00','STRIPE',122.26,'PAID',9,9.78),
(10,'2024-08-25 18:47:00','STRIPE',22.93,'PAID',10,1.83),
(11,'2024-07-12 20:29:00','STRIPE',45.01,'REFUNDED',11,3.6),
(12,'2024-09-01 12:40:00','STRIPE',255.68,'PAID',12,20.45),
(13,'2024-04-20 09:07:00','STRIPE',51.13,'FAILED',13,4.09),
(14,'2024-12-23 08:37:00','STRIPE',89.14,'REFUNDED',14,7.13),
(15,'2024-08-11 12:44:00','STRIPE',117.3,'PAID',15,9.38),
(16,'2024-06-17 14:30:00','STRIPE',184.35,'REFUNDED',16,14.75),
(17,'2024-03-09 12:36:00','STRIPE',249.99,'PAID',17,20.0),
(18,'2024-01-27 19:58:00','STRIPE',17.5,'PAID',18,1.4),
(19,'2024-11-22 14:52:00','STRIPE',173.47,'PAID',19,13.88),
(20,'2024-01-10 09:33:00','STRIPE',125.07,'PAID',20,10.01),
(21,'2024-03-15 20:48:00','STRIPE',170.46,'PAID',21,13.64),
(22,'2024-02-27 10:55:00','STRIPE',123.19,'REFUNDED',22,9.86),
(23,'2024-02-27 16:28:00','STRIPE',65.95,'PAID',23,5.28),
(24,'2024-12-26 18:10:00','STRIPE',234.09,'FAILED',24,18.73),
(25,'2024-11-21 09:07:00','STRIPE',40.27,'PAID',25,3.22),
(26,'2024-05-10 14:42:00','STRIPE',206.23,'PAID',26,16.5),
(27,'2024-11-25 16:57:00','STRIPE',35.01,'PAID',27,2.8),
(28,'2024-12-02 10:36:00','STRIPE',138.28,'PAID',28,11.06),
(29,'2024-02-12 17:34:00','STRIPE',123.85,'PAID',29,9.91),
(30,'2024-09-21 18:52:00','STRIPE',212.12,'PAID',30,16.97),
(31,'2024-03-01 10:19:00','STRIPE',76.26,'PAID',31,6.1),
(32,'2024-03-18 17:35:00','STRIPE',54.24,'PAID',32,4.34),
(33,'2024-08-25 10:46:00','STRIPE',119.57,'PAID',33,9.57),
(34,'2024-05-08 12:24:00','STRIPE',179.57,'REFUNDED',34,14.37),
(35,'2024-05-21 15:05:00','STRIPE',91.98,'REFUNDED',35,7.36),
(36,'2024-05-05 19:09:00','STRIPE',298.95,'REFUNDED',36,23.92),
(37,'2024-01-30 18:44:00','STRIPE',165.74,'PAID',37,13.26),
(38,'2024-12-12 17:42:00','STRIPE',239.11,'PAID',38,19.13),
(39,'2024-04-15 14:52:00','STRIPE',147.73,'PAID',39,11.82),
(40,'2024-01-06 08:38:00','STRIPE',122.63,'PAID',40,9.81);
INSERT INTO `payments` (`id`,`created_at`,`payment_mode`,`total_price`,`statut`,`reservation_id`,`part_bikeshare`) VALUES
(41,'2024-09-02 16:07:00','STRIPE',154.5,'PAID',41,12.36),
(42,'2024-08-05 13:40:00','STRIPE',52.36,'REFUNDED',42,4.19),
(43,'2024-05-31 10:55:00','STRIPE',40.34,'REFUNDED',43,3.23),
(44,'2024-05-20 09:24:00','STRIPE',134.81,'REFUNDED',44,10.78),
(45,'2024-03-15 09:50:00','STRIPE',236.72,'PAID',45,18.94),
(46,'2024-08-07 17:52:00','STRIPE',85.54,'PAID',46,6.84),
(47,'2024-01-13 19:36:00','STRIPE',156.82,'PAID',47,12.55),
(48,'2024-12-03 17:06:00','STRIPE',64.62,'REFUNDED',48,5.17),
(49,'2024-12-15 20:24:00','STRIPE',139.66,'REFUNDED',49,11.17),
(50,'2024-10-03 15:37:00','STRIPE',105.29,'PAID',50,8.42),
(51,'2024-01-09 18:08:00','STRIPE',25.1,'REFUNDED',51,2.01),
(52,'2024-01-01 08:58:00','STRIPE',112.83,'PAID',52,9.03),
(53,'2024-10-31 18:38:00','STRIPE',152.05,'PAID',53,12.16),
(54,'2024-10-04 15:22:00','STRIPE',78.46,'PAID',54,6.28),
(55,'2024-02-16 12:27:00','STRIPE',269.69,'REFUNDED',55,21.58),
(56,'2024-07-02 12:40:00','STRIPE',30.41,'PAID',56,2.43),
(57,'2024-11-02 20:20:00','STRIPE',59.32,'PAID',57,4.75),
(58,'2024-11-20 09:46:00','STRIPE',90.71,'REFUNDED',58,7.26),
(59,'2024-08-12 17:03:00','STRIPE',118.41,'PAID',59,9.47),
(60,'2024-06-17 20:55:00','STRIPE',40.08,'REFUNDED',60,3.21),
(61,'2024-08-21 15:31:00','STRIPE',45.86,'PAID',61,3.67),
(62,'2024-09-03 14:00:00','STRIPE',111.5,'REFUNDED',62,8.92),
(63,'2024-03-22 19:27:00','STRIPE',121.63,'PAID',63,9.73),
(64,'2024-01-31 11:47:00','STRIPE',226.47,'PAID',64,18.12),
(65,'2024-12-19 17:28:00','STRIPE',126.12,'REFUNDED',65,10.09),
(66,'2024-02-23 10:04:00','STRIPE',244.34,'PAID',66,19.55),
(67,'2024-12-08 08:27:00','STRIPE',104.05,'PAID',67,8.32),
(68,'2024-05-09 09:21:00','STRIPE',59.73,'PAID',68,4.78),
(69,'2024-11-04 12:19:00','STRIPE',197.97,'REFUNDED',69,15.84),
(70,'2024-11-15 08:47:00','STRIPE',162.3,'PAID',70,12.98),
(71,'2024-10-11 12:59:00','STRIPE',163.36,'PAID',71,13.07),
(72,'2024-01-23 15:57:00','STRIPE',124.65,'PAID',72,9.97),
(73,'2024-07-27 13:00:00','STRIPE',206.19,'PAID',73,16.5),
(74,'2024-06-29 13:06:00','STRIPE',49.62,'PAID',74,3.97),
(75,'2024-08-18 14:22:00','STRIPE',50.41,'PAID',75,4.03),
(76,'2024-02-18 11:05:00','STRIPE',76.24,'REFUNDED',76,6.1),
(77,'2024-01-13 09:58:00','STRIPE',144.07,'REFUNDED',77,11.53),
(78,'2024-08-06 11:30:00','STRIPE',19.75,'REFUNDED',78,1.58),
(79,'2024-05-19 14:57:00','STRIPE',130.35,'REFUNDED',79,10.43),
(80,'2024-12-14 15:42:00','STRIPE',18.64,'PAID',80,1.49);
INSERT INTO `payments` (`id`,`created_at`,`payment_mode`,`total_price`,`statut`,`reservation_id`,`part_bikeshare`) VALUES
(81,'2024-09-07 13:47:00','STRIPE',267.87,'PAID',81,21.43),
(82,'2024-05-23 09:12:00','STRIPE',135.75,'REFUNDED',82,10.86),
(83,'2024-03-17 14:47:00','STRIPE',62.79,'PAID',83,5.02),
(84,'2024-04-05 18:12:00','STRIPE',166.24,'REFUNDED',84,13.3),
(85,'2024-08-31 09:26:00','STRIPE',38.97,'REFUNDED',85,3.12),
(86,'2024-09-01 13:48:00','STRIPE',44.56,'REFUNDED',86,3.56),
(87,'2024-04-13 10:07:00','STRIPE',131.44,'REFUNDED',87,10.52),
(88,'2024-03-22 10:22:00','STRIPE',262.38,'PAID',88,20.99),
(89,'2024-08-26 08:43:00','STRIPE',50.0,'PAID',89,4.0),
(90,'2024-09-02 14:30:00','STRIPE',244.37,'PAID',90,19.55),
(91,'2024-12-07 11:39:00','STRIPE',131.31,'FAILED',91,10.5),
(92,'2024-11-11 11:17:00','STRIPE',88.3,'PAID',92,7.06),
(93,'2024-01-07 18:52:00','STRIPE',207.68,'REFUNDED',93,16.61),
(94,'2024-12-25 19:46:00','STRIPE',135.08,'REFUNDED',94,10.81),
(95,'2024-07-25 17:40:00','STRIPE',80.19,'PAID',95,6.42),
(96,'2024-09-26 10:25:00','STRIPE',136.14,'PAID',96,10.89),
(97,'2024-09-02 14:01:00','STRIPE',21.53,'REFUNDED',97,1.72),
(98,'2024-07-25 14:26:00','STRIPE',22.33,'PAID',98,1.79),
(99,'2024-11-16 11:21:00','STRIPE',112.5,'REFUNDED',99,9.0),
(100,'2024-05-29 18:03:00','STRIPE',92.61,'REFUNDED',100,7.41),
(101,'2024-04-16 12:22:00','STRIPE',165.86,'PAID',101,13.27),
(102,'2024-11-11 08:11:00','STRIPE',96.93,'PAID',102,7.75),
(103,'2024-12-22 11:18:00','STRIPE',32.45,'REFUNDED',103,2.6),
(104,'2024-05-16 12:31:00','STRIPE',126.65,'FAILED',104,10.13),
(105,'2024-09-19 09:42:00','STRIPE',91.36,'PAID',105,7.31),
(106,'2024-06-08 13:23:00','STRIPE',102.46,'REFUNDED',106,8.2),
(107,'2024-05-17 11:41:00','STRIPE',29.83,'REFUNDED',107,2.39),
(108,'2024-12-18 09:56:00','STRIPE',149.67,'PAID',108,11.97),
(109,'2024-12-19 08:37:00','STRIPE',46.38,'PAID',109,3.71),
(110,'2024-09-18 19:28:00','STRIPE',127.47,'PAID',110,10.2),
(111,'2024-07-01 12:46:00','STRIPE',57.02,'PAID',111,4.56),
(112,'2024-06-21 08:08:00','STRIPE',175.36,'REFUNDED',112,14.03),
(113,'2024-05-17 20:54:00','STRIPE',120.67,'PAID',113,9.65),
(114,'2024-07-25 13:28:00','STRIPE',90.77,'PAID',114,7.26),
(115,'2024-12-14 09:30:00','STRIPE',203.38,'PAID',115,16.27),
(116,'2024-03-18 10:38:00','STRIPE',120.28,'PAID',116,9.62),
(117,'2024-04-30 08:36:00','STRIPE',139.35,'PAID',117,11.15),
(118,'2024-07-31 19:52:00','STRIPE',43.65,'PAID',118,3.49),
(119,'2024-05-07 10:28:00','STRIPE',63.85,'PAID',119,5.11),
(120,'2024-01-11 14:38:00','STRIPE',205.12,'REFUNDED',120,16.41);
INSERT INTO `payments` (`id`,`created_at`,`payment_mode`,`total_price`,`statut`,`reservation_id`,`part_bikeshare`) VALUES
(121,'2024-07-16 10:36:00','STRIPE',154.3,'PAID',121,12.34),
(122,'2024-11-12 16:45:00','STRIPE',53.07,'FAILED',122,4.25),
(123,'2024-07-11 11:18:00','STRIPE',102.65,'REFUNDED',123,8.21),
(124,'2024-12-09 10:14:00','STRIPE',58.33,'PAID',124,4.67),
(125,'2024-12-08 08:40:00','STRIPE',98.21,'PAID',125,7.86),
(126,'2024-10-24 12:55:00','STRIPE',17.96,'REFUNDED',126,1.44),
(127,'2024-01-03 11:34:00','STRIPE',242.31,'PAID',127,19.38),
(128,'2024-12-25 18:38:00','STRIPE',133.24,'REFUNDED',128,10.66),
(129,'2024-01-16 19:56:00','STRIPE',34.44,'REFUNDED',129,2.76),
(130,'2024-06-12 14:57:00','STRIPE',114.93,'PAID',130,9.19),
(131,'2024-03-09 18:52:00','STRIPE',49.46,'PAID',131,3.96),
(132,'2024-06-05 19:17:00','STRIPE',15.21,'PAID',132,1.22),
(133,'2024-07-11 19:47:00','STRIPE',67.67,'REFUNDED',133,5.41),
(134,'2024-10-06 18:40:00','STRIPE',200.1,'REFUNDED',134,16.01),
(135,'2024-08-15 11:20:00','STRIPE',154.61,'PAID',135,12.37),
(136,'2024-01-06 10:28:00','STRIPE',148.38,'PAID',136,11.87),
(137,'2024-03-07 13:09:00','STRIPE',156.34,'REFUNDED',137,12.51),
(138,'2024-03-09 10:29:00','STRIPE',252.39,'PAID',138,20.19),
(139,'2023-12-31 17:31:00','STRIPE',109.6,'PAID',139,8.77),
(140,'2024-08-07 08:19:00','STRIPE',288.67,'PAID',140,23.09),
(141,'2024-10-24 18:38:00','STRIPE',119.33,'PAID',141,9.55),
(142,'2024-05-03 14:15:00','STRIPE',96.3,'PAID',142,7.7),
(143,'2024-07-04 09:46:00','STRIPE',201.0,'REFUNDED',143,16.08),
(144,'2024-08-09 17:06:00','STRIPE',92.14,'PAID',144,7.37),
(145,'2024-01-23 08:48:00','STRIPE',52.67,'PAID',145,4.21),
(146,'2024-11-05 11:49:00','STRIPE',186.27,'REFUNDED',146,14.9),
(147,'2024-11-21 20:00:00','STRIPE',23.34,'REFUNDED',147,1.87),
(148,'2024-07-25 19:05:00','STRIPE',291.52,'REFUNDED',148,23.32),
(149,'2024-02-12 10:19:00','STRIPE',89.28,'PAID',149,7.14),
(150,'2024-05-21 08:34:00','STRIPE',99.81,'PAID',150,7.98),
(151,'2024-04-08 08:52:00','STRIPE',200.73,'REFUNDED',151,16.06),
(152,'2024-10-05 09:32:00','STRIPE',20.89,'PAID',152,1.67),
(153,'2024-09-15 08:58:00','STRIPE',88.19,'REFUNDED',153,7.06),
(154,'2024-02-29 14:09:00','STRIPE',144.86,'PAID',154,11.59),
(155,'2024-04-16 18:24:00','STRIPE',90.33,'PAID',155,7.23),
(156,'2024-05-22 15:10:00','STRIPE',223.62,'REFUNDED',156,17.89),
(157,'2024-06-14 12:22:00','STRIPE',208.71,'PAID',157,16.7),
(158,'2024-01-24 13:59:00','STRIPE',51.1,'PAID',158,4.09),
(159,'2024-07-07 17:09:00','STRIPE',170.96,'PAID',159,13.68),
(160,'2024-02-06 17:11:00','STRIPE',64.25,'PAID',160,5.14);
INSERT INTO `payments` (`id`,`created_at`,`payment_mode`,`total_price`,`statut`,`reservation_id`,`part_bikeshare`) VALUES
(161,'2024-01-14 17:52:00','STRIPE',165.12,'PAID',161,13.21),
(162,'2024-04-09 15:42:00','STRIPE',15.74,'REFUNDED',162,1.26),
(163,'2024-08-25 20:00:00','STRIPE',39.76,'PAID',163,3.18),
(164,'2024-01-12 13:09:00','STRIPE',163.41,'PAID',164,13.07),
(165,'2024-01-07 09:07:00','STRIPE',188.12,'PAID',165,15.05),
(166,'2024-01-08 10:05:00','STRIPE',160.9,'REFUNDED',166,12.87),
(167,'2024-10-25 20:24:00','STRIPE',164.61,'PAID',167,13.17),
(168,'2024-10-17 15:44:00','STRIPE',39.1,'REFUNDED',168,3.13),
(169,'2024-04-02 10:51:00','STRIPE',68.91,'PAID',169,5.51),
(170,'2024-10-02 14:35:00','STRIPE',259.93,'PAID',170,20.79),
(171,'2024-03-05 16:34:00','STRIPE',69.83,'PAID',171,5.59),
(172,'2024-11-25 17:45:00','STRIPE',163.57,'PAID',172,13.09),
(173,'2024-05-19 19:05:00','STRIPE',120.62,'PAID',173,9.65),
(174,'2024-03-01 08:23:00','STRIPE',58.82,'REFUNDED',174,4.71),
(175,'2024-11-07 08:58:00','STRIPE',42.33,'REFUNDED',175,3.39),
(176,'2024-12-09 15:09:00','STRIPE',169.87,'REFUNDED',176,13.59),
(177,'2024-02-12 11:13:00','STRIPE',36.71,'REFUNDED',177,2.94),
(178,'2024-08-19 09:44:00','STRIPE',106.23,'PAID',178,8.5),
(179,'2024-07-06 19:27:00','STRIPE',29.08,'REFUNDED',179,2.33),
(180,'2024-03-10 18:37:00','STRIPE',149.47,'PAID',180,11.96),
(181,'2024-04-06 08:09:00','STRIPE',67.38,'PAID',181,5.39),
(182,'2024-09-07 09:00:00','STRIPE',51.91,'PAID',182,4.15),
(183,'2024-11-04 20:11:00','STRIPE',154.69,'PAID',183,12.38),
(184,'2024-06-24 15:26:00','STRIPE',116.37,'PAID',184,9.31),
(185,'2024-12-03 12:07:00','STRIPE',53.9,'PAID',185,4.31),
(186,'2024-06-11 17:48:00','STRIPE',141.18,'REFUNDED',186,11.29),
(187,'2024-04-18 14:53:00','STRIPE',67.36,'PAID',187,5.39),
(188,'2024-03-15 17:32:00','STRIPE',189.72,'REFUNDED',188,15.18),
(189,'2024-09-30 10:17:00','STRIPE',48.36,'REFUNDED',189,3.87),
(190,'2024-03-08 10:47:00','STRIPE',186.77,'REFUNDED',190,14.94),
(191,'2024-10-13 11:25:00','STRIPE',152.37,'PAID',191,12.19),
(192,'2024-04-13 19:29:00','STRIPE',64.7,'PAID',192,5.18),
(193,'2024-06-06 14:10:00','STRIPE',185.93,'PAID',193,14.87),
(194,'2024-04-16 11:17:00','STRIPE',16.09,'REFUNDED',194,1.29),
(195,'2024-07-12 17:49:00','STRIPE',73.01,'REFUNDED',195,5.84),
(196,'2024-04-08 12:10:00','STRIPE',53.86,'REFUNDED',196,4.31),
(197,'2024-02-25 17:00:00','STRIPE',104.16,'PAID',197,8.33),
(198,'2024-04-10 16:12:00','STRIPE',105.52,'PAID',198,8.44),
(199,'2024-11-08 12:05:00','STRIPE',91.07,'PAID',199,7.29),
(200,'2024-05-01 17:50:00','STRIPE',157.67,'PAID',200,12.61);
INSERT INTO `payments` (`id`,`created_at`,`payment_mode`,`total_price`,`statut`,`reservation_id`,`part_bikeshare`) VALUES
(201,'2024-10-30 09:19:00','STRIPE',157.41,'PAID',201,12.59),
(202,'2024-12-05 14:32:00','STRIPE',86.36,'PAID',202,6.91),
(203,'2024-12-25 10:44:00','STRIPE',116.18,'REFUNDED',203,9.29),
(204,'2024-07-04 19:32:00','STRIPE',192.95,'REFUNDED',204,15.44),
(205,'2024-03-10 17:50:00','STRIPE',12.02,'REFUNDED',205,0.96),
(206,'2024-11-25 12:10:00','STRIPE',133.5,'PAID',206,10.68),
(207,'2024-10-26 18:05:00','STRIPE',18.03,'PAID',207,1.44),
(208,'2024-10-18 20:43:00','STRIPE',203.39,'REFUNDED',208,16.27),
(209,'2024-08-03 16:33:00','STRIPE',148.51,'REFUNDED',209,11.88),
(210,'2024-09-04 15:50:00','STRIPE',39.85,'PAID',210,3.19),
(211,'2024-07-08 17:54:00','STRIPE',55.5,'PAID',211,4.44),
(212,'2024-08-29 11:13:00','STRIPE',86.41,'REFUNDED',212,6.91),
(213,'2024-07-16 10:36:00','STRIPE',69.88,'REFUNDED',213,5.59),
(214,'2024-12-22 20:00:00','STRIPE',185.45,'PAID',214,14.84),
(215,'2024-12-22 15:06:00','STRIPE',107.82,'PAID',215,8.63),
(216,'2024-07-18 10:04:00','STRIPE',76.38,'REFUNDED',216,6.11),
(217,'2024-01-22 09:04:00','STRIPE',36.2,'PAID',217,2.9),
(218,'2024-05-11 15:16:00','STRIPE',140.84,'PAID',218,11.27),
(219,'2024-07-14 09:36:00','STRIPE',181.84,'PAID',219,14.55),
(220,'2024-04-04 14:26:00','STRIPE',103.83,'PAID',220,8.31),
(221,'2024-12-23 15:23:00','STRIPE',118.56,'REFUNDED',221,9.48),
(222,'2024-02-15 13:05:00','STRIPE',131.5,'REFUNDED',222,10.52),
(223,'2024-07-29 12:56:00','STRIPE',57.29,'PAID',223,4.58),
(224,'2024-04-13 17:41:00','STRIPE',37.51,'PAID',224,3.0),
(225,'2024-11-24 10:54:00','STRIPE',89.13,'REFUNDED',225,7.13),
(226,'2024-12-14 17:25:00','STRIPE',41.32,'REFUNDED',226,3.31),
(227,'2024-02-03 15:42:00','STRIPE',135.38,'PAID',227,10.83),
(228,'2024-01-19 18:34:00','STRIPE',64.35,'PAID',228,5.15),
(229,'2024-11-18 09:11:00','STRIPE',117.01,'REFUNDED',229,9.36),
(230,'2024-11-20 11:25:00','STRIPE',54.27,'REFUNDED',230,4.34),
(231,'2024-01-22 11:44:00','STRIPE',121.02,'PAID',231,9.68),
(232,'2024-01-30 15:02:00','STRIPE',173.78,'PAID',232,13.9),
(233,'2024-04-03 13:36:00','STRIPE',67.7,'FAILED',233,5.42),
(234,'2024-06-08 08:59:00','STRIPE',105.64,'PAID',234,8.45),
(235,'2024-07-01 11:03:00','STRIPE',109.68,'PAID',235,8.77),
(236,'2024-11-08 12:16:00','STRIPE',14.23,'REFUNDED',236,1.14),
(237,'2024-05-20 09:17:00','STRIPE',227.14,'REFUNDED',237,18.17),
(238,'2024-10-13 14:33:00','STRIPE',41.2,'PAID',238,3.3),
(239,'2024-06-20 08:05:00','STRIPE',104.97,'PAID',239,8.4),
(240,'2024-12-09 20:19:00','STRIPE',228.19,'PAID',240,18.26);
INSERT INTO `payments` (`id`,`created_at`,`payment_mode`,`total_price`,`statut`,`reservation_id`,`part_bikeshare`) VALUES
(241,'2024-07-14 15:30:00','STRIPE',58.16,'REFUNDED',241,4.65),
(242,'2024-02-07 13:58:00','STRIPE',82.84,'PAID',242,6.63),
(243,'2024-06-16 16:50:00','STRIPE',124.29,'PAID',243,9.94),
(244,'2024-12-19 13:42:00','STRIPE',223.0,'FAILED',244,17.84),
(245,'2024-01-15 08:09:00','STRIPE',218.09,'PAID',245,17.45),
(246,'2024-06-05 13:07:00','STRIPE',111.72,'REFUNDED',246,8.94),
(247,'2024-04-17 12:33:00','STRIPE',190.88,'REFUNDED',247,15.27),
(248,'2024-08-02 18:28:00','STRIPE',102.78,'PAID',248,8.22),
(249,'2024-10-18 08:13:00','STRIPE',101.11,'PAID',249,8.09),
(250,'2024-03-21 19:34:00','STRIPE',99.66,'PAID',250,7.97),
(251,'2024-10-12 11:22:00','STRIPE',111.95,'PAID',251,8.96),
(252,'2024-08-15 13:52:00','STRIPE',99.37,'REFUNDED',252,7.95),
(253,'2024-07-30 16:52:00','STRIPE',125.93,'REFUNDED',253,10.07),
(254,'2024-12-03 18:29:00','STRIPE',146.78,'REFUNDED',254,11.74),
(255,'2024-10-14 16:27:00','STRIPE',41.56,'REFUNDED',255,3.32),
(256,'2023-12-31 15:27:00','STRIPE',189.17,'FAILED',256,15.13),
(257,'2024-07-23 16:27:00','STRIPE',114.77,'REFUNDED',257,9.18),
(258,'2024-01-01 18:18:00','STRIPE',133.42,'REFUNDED',258,10.67),
(259,'2024-12-12 20:53:00','STRIPE',216.38,'PAID',259,17.31),
(260,'2024-07-24 17:59:00','STRIPE',58.3,'PAID',260,4.66),
(261,'2024-01-23 18:28:00','STRIPE',59.68,'PAID',261,4.77),
(262,'2024-10-17 14:13:00','STRIPE',60.2,'PAID',262,4.82),
(263,'2024-07-20 09:12:00','STRIPE',149.58,'PAID',263,11.97),
(264,'2024-05-21 20:58:00','STRIPE',135.63,'REFUNDED',264,10.85),
(265,'2024-11-30 08:23:00','STRIPE',48.56,'PAID',265,3.88),
(266,'2024-12-11 12:56:00','STRIPE',138.22,'PAID',266,11.06),
(267,'2024-12-11 18:15:00','STRIPE',213.56,'REFUNDED',267,17.08),
(268,'2024-06-06 08:01:00','STRIPE',35.25,'PAID',268,2.82),
(269,'2024-04-04 13:10:00','STRIPE',57.27,'PAID',269,4.58),
(270,'2024-07-14 16:25:00','STRIPE',296.83,'PAID',270,23.75),
(271,'2024-02-06 08:51:00','STRIPE',37.71,'REFUNDED',271,3.02),
(272,'2024-01-31 18:24:00','STRIPE',33.64,'PAID',272,2.69),
(273,'2024-09-23 13:33:00','STRIPE',29.55,'REFUNDED',273,2.36),
(274,'2024-08-25 19:51:00','STRIPE',79.01,'PAID',274,6.32),
(275,'2024-06-24 20:40:00','STRIPE',50.11,'REFUNDED',275,4.01),
(276,'2024-06-25 13:13:00','STRIPE',66.67,'PAID',276,5.33),
(277,'2024-02-27 08:40:00','STRIPE',118.65,'PAID',277,9.49),
(278,'2024-06-15 17:45:00','STRIPE',254.01,'PAID',278,20.32),
(279,'2024-01-18 08:47:00','STRIPE',125.24,'PAID',279,10.02),
(280,'2024-11-13 10:15:00','STRIPE',103.73,'PAID',280,8.3);
INSERT INTO `payments` (`id`,`created_at`,`payment_mode`,`total_price`,`statut`,`reservation_id`,`part_bikeshare`) VALUES
(281,'2024-06-12 11:34:00','STRIPE',184.4,'PAID',281,14.75),
(282,'2024-04-20 20:16:00','STRIPE',90.43,'REFUNDED',282,7.23),
(283,'2024-02-10 10:40:00','STRIPE',213.67,'REFUNDED',283,17.09),
(284,'2024-04-08 09:29:00','STRIPE',51.85,'PAID',284,4.15),
(285,'2024-03-09 12:57:00','STRIPE',199.81,'FAILED',285,15.98),
(286,'2024-11-01 13:58:00','STRIPE',40.84,'REFUNDED',286,3.27),
(287,'2024-04-19 15:50:00','STRIPE',272.66,'PAID',287,21.81),
(288,'2024-12-21 18:04:00','STRIPE',73.07,'PAID',288,5.85),
(289,'2024-05-01 13:40:00','STRIPE',76.03,'PAID',289,6.08),
(290,'2024-04-23 12:00:00','STRIPE',56.33,'REFUNDED',290,4.51),
(291,'2024-01-10 09:21:00','STRIPE',38.07,'PAID',291,3.05),
(292,'2024-06-26 10:33:00','STRIPE',94.62,'REFUNDED',292,7.57),
(293,'2024-01-17 17:01:00','STRIPE',198.67,'REFUNDED',293,15.89),
(294,'2024-03-19 11:55:00','STRIPE',113.6,'PAID',294,9.09),
(295,'2024-12-04 13:08:00','STRIPE',86.49,'PAID',295,6.92),
(296,'2024-05-22 12:17:00','STRIPE',110.77,'PAID',296,8.86),
(297,'2024-04-21 15:47:00','STRIPE',19.63,'PAID',297,1.57),
(298,'2024-11-03 11:16:00','STRIPE',31.18,'REFUNDED',298,2.49),
(299,'2024-07-11 14:06:00','STRIPE',36.92,'REFUNDED',299,2.95),
(300,'2024-12-16 10:50:00','STRIPE',161.71,'PAID',300,12.94);

INSERT INTO `gains` (`id`,`created_at`,`description`,`amount_earned`,`status`,`payment_id`) VALUES
(1,'2024-04-24 15:27:00.000000','Gain location vélo',178.91,'PENDING',1),
(2,'2024-08-14 17:47:00.000000','Gain location vélo',109.91,'TRANSFERRED',2),
(3,'2024-05-27 13:39:00.000000','Gain location vélo',116.44,'TRANSFERRED',3),
(4,'2024-02-20 14:27:00.000000','Gain location vélo',32.17,'PENDING',4),
(5,'2024-04-19 13:23:00.000000','Gain location vélo',124.76,'PENDING',5),
(6,'2024-11-27 09:28:00.000000','Gain location vélo',108.5,'TRANSFERRED',6),
(7,'2024-03-02 16:16:00.000000','Gain location vélo',81.37,'TRANSFERRED',7),
(8,'2024-10-14 12:38:00.000000','Gain location vélo',157.33,'PENDING',8),
(9,'2024-11-17 13:25:00.000000','Gain location vélo',112.48,'TRANSFERRED',9),
(10,'2024-01-04 10:51:00.000000','Gain location vélo',21.1,'TRANSFERRED',10),
(11,'2024-06-14 20:11:00.000000','Gain location vélo',41.41,'PENDING',11),
(12,'2024-06-08 09:13:00.000000','Gain location vélo',235.23,'TRANSFERRED',12),
(13,'2024-11-12 13:09:00.000000','Gain location vélo',47.04,'PENDING',13),
(14,'2024-06-04 08:20:00.000000','Gain location vélo',82.01,'PENDING',14),
(15,'2024-12-01 19:21:00.000000','Gain location vélo',107.92,'TRANSFERRED',15),
(16,'2024-04-15 17:50:00.000000','Gain location vélo',169.6,'PENDING',16),
(17,'2024-06-08 16:04:00.000000','Gain location vélo',229.99,'TRANSFERRED',17),
(18,'2024-07-10 17:13:00.000000','Gain location vélo',16.1,'TRANSFERRED',18),
(19,'2024-09-07 09:35:00.000000','Gain location vélo',159.59,'TRANSFERRED',19),
(20,'2024-05-23 17:56:00.000000','Gain location vélo',115.06,'TRANSFERRED',20),
(21,'2024-11-03 17:57:00.000000','Gain location vélo',156.82,'TRANSFERRED',21),
(22,'2024-11-14 18:48:00.000000','Gain location vélo',113.33,'PENDING',22),
(23,'2024-07-11 13:12:00.000000','Gain location vélo',60.67,'TRANSFERRED',23),
(24,'2024-04-02 20:31:00.000000','Gain location vélo',215.36,'PENDING',24),
(25,'2024-08-02 12:26:00.000000','Gain location vélo',37.05,'TRANSFERRED',25),
(26,'2024-02-04 15:10:00.000000','Gain location vélo',189.73,'TRANSFERRED',26),
(27,'2024-10-11 17:24:00.000000','Gain location vélo',32.21,'TRANSFERRED',27),
(28,'2024-04-19 08:18:00.000000','Gain location vélo',127.22,'TRANSFERRED',28),
(29,'2024-01-21 20:54:00.000000','Gain location vélo',113.94,'TRANSFERRED',29),
(30,'2024-10-01 15:18:00.000000','Gain location vélo',195.15,'TRANSFERRED',30),
(31,'2024-03-27 14:02:00.000000','Gain location vélo',70.16,'TRANSFERRED',31),
(32,'2024-09-17 08:21:00.000000','Gain location vélo',49.9,'TRANSFERRED',32),
(33,'2024-11-01 09:30:00.000000','Gain location vélo',110.0,'TRANSFERRED',33),
(34,'2024-02-27 20:26:00.000000','Gain location vélo',165.2,'PENDING',34),
(35,'2024-12-10 12:20:00.000000','Gain location vélo',84.62,'PENDING',35),
(36,'2024-06-13 09:35:00.000000','Gain location vélo',275.03,'PENDING',36),
(37,'2024-06-16 17:03:00.000000','Gain location vélo',152.48,'TRANSFERRED',37),
(38,'2024-07-10 19:29:00.000000','Gain location vélo',219.98,'TRANSFERRED',38),
(39,'2024-08-28 18:58:00.000000','Gain location vélo',135.91,'TRANSFERRED',39),
(40,'2024-02-27 13:39:00.000000','Gain location vélo',112.82,'TRANSFERRED',40);
INSERT INTO `gains` (`id`,`created_at`,`description`,`amount_earned`,`status`,`payment_id`) VALUES
(41,'2024-02-01 11:03:00.000000','Gain location vélo',142.14,'TRANSFERRED',41),
(42,'2024-01-05 09:20:00.000000','Gain location vélo',48.17,'PENDING',42),
(43,'2024-12-24 14:14:00.000000','Gain location vélo',37.11,'PENDING',43),
(44,'2024-03-03 11:46:00.000000','Gain location vélo',124.03,'PENDING',44),
(45,'2024-06-27 16:00:00.000000','Gain location vélo',217.78,'TRANSFERRED',45),
(46,'2024-12-28 08:16:00.000000','Gain location vélo',78.7,'TRANSFERRED',46),
(47,'2024-01-04 08:19:00.000000','Gain location vélo',144.27,'TRANSFERRED',47),
(48,'2024-02-09 13:44:00.000000','Gain location vélo',59.45,'PENDING',48),
(49,'2024-10-26 20:24:00.000000','Gain location vélo',128.49,'PENDING',49),
(50,'2024-05-23 10:59:00.000000','Gain location vélo',96.87,'TRANSFERRED',50),
(51,'2024-03-19 15:07:00.000000','Gain location vélo',23.09,'PENDING',51),
(52,'2024-03-11 10:48:00.000000','Gain location vélo',103.8,'TRANSFERRED',52),
(53,'2024-10-28 14:40:00.000000','Gain location vélo',139.89,'TRANSFERRED',53),
(54,'2024-08-22 09:33:00.000000','Gain location vélo',72.18,'TRANSFERRED',54),
(55,'2024-09-08 17:30:00.000000','Gain location vélo',248.11,'PENDING',55),
(56,'2024-11-16 12:20:00.000000','Gain location vélo',27.98,'TRANSFERRED',56),
(57,'2024-12-16 11:05:00.000000','Gain location vélo',54.57,'TRANSFERRED',57),
(58,'2024-05-25 12:45:00.000000','Gain location vélo',83.45,'PENDING',58),
(59,'2024-02-12 16:53:00.000000','Gain location vélo',108.94,'TRANSFERRED',59),
(60,'2024-04-22 18:47:00.000000','Gain location vélo',36.87,'PENDING',60),
(61,'2024-04-23 09:04:00.000000','Gain location vélo',42.19,'TRANSFERRED',61),
(62,'2024-08-02 11:00:00.000000','Gain location vélo',102.58,'PENDING',62),
(63,'2024-11-07 15:52:00.000000','Gain location vélo',111.9,'TRANSFERRED',63),
(64,'2024-07-07 15:06:00.000000','Gain location vélo',208.35,'TRANSFERRED',64),
(65,'2024-06-07 17:48:00.000000','Gain location vélo',116.03,'PENDING',65),
(66,'2024-09-17 13:48:00.000000','Gain location vélo',224.79,'TRANSFERRED',66),
(67,'2024-05-23 15:41:00.000000','Gain location vélo',95.73,'TRANSFERRED',67),
(68,'2024-03-28 16:06:00.000000','Gain location vélo',54.95,'TRANSFERRED',68),
(69,'2024-03-08 13:24:00.000000','Gain location vélo',182.13,'PENDING',69),
(70,'2024-08-28 17:32:00.000000','Gain location vélo',149.32,'TRANSFERRED',70),
(71,'2024-04-25 14:12:00.000000','Gain location vélo',150.29,'TRANSFERRED',71),
(72,'2024-02-09 14:10:00.000000','Gain location vélo',114.68,'TRANSFERRED',72),
(73,'2024-11-10 17:41:00.000000','Gain location vélo',189.69,'TRANSFERRED',73),
(74,'2024-02-05 15:56:00.000000','Gain location vélo',45.65,'TRANSFERRED',74),
(75,'2024-02-24 09:15:00.000000','Gain location vélo',46.38,'TRANSFERRED',75),
(76,'2024-01-15 10:17:00.000000','Gain location vélo',70.14,'PENDING',76),
(77,'2024-01-16 18:33:00.000000','Gain location vélo',132.54,'PENDING',77),
(78,'2024-08-12 12:07:00.000000','Gain location vélo',18.17,'PENDING',78),
(79,'2024-09-03 13:27:00.000000','Gain location vélo',119.92,'PENDING',79),
(80,'2024-04-05 14:32:00.000000','Gain location vélo',17.15,'TRANSFERRED',80);
INSERT INTO `gains` (`id`,`created_at`,`description`,`amount_earned`,`status`,`payment_id`) VALUES
(81,'2024-07-17 13:03:00.000000','Gain location vélo',246.44,'TRANSFERRED',81),
(82,'2024-08-09 13:06:00.000000','Gain location vélo',124.89,'PENDING',82),
(83,'2024-01-21 14:46:00.000000','Gain location vélo',57.77,'TRANSFERRED',83),
(84,'2024-07-07 12:12:00.000000','Gain location vélo',152.94,'PENDING',84),
(85,'2024-07-06 17:17:00.000000','Gain location vélo',35.85,'PENDING',85),
(86,'2024-09-20 15:33:00.000000','Gain location vélo',41.0,'PENDING',86),
(87,'2024-07-04 18:03:00.000000','Gain location vélo',120.92,'PENDING',87),
(88,'2024-11-08 09:14:00.000000','Gain location vélo',241.39,'TRANSFERRED',88),
(89,'2024-02-02 08:36:00.000000','Gain location vélo',46.0,'TRANSFERRED',89),
(90,'2024-05-08 09:34:00.000000','Gain location vélo',224.82,'TRANSFERRED',90),
(91,'2024-02-09 11:56:00.000000','Gain location vélo',120.81,'PENDING',91),
(92,'2024-10-23 19:25:00.000000','Gain location vélo',81.24,'TRANSFERRED',92),
(93,'2024-07-13 09:14:00.000000','Gain location vélo',191.07,'PENDING',93),
(94,'2024-12-27 19:17:00.000000','Gain location vélo',124.27,'PENDING',94),
(95,'2024-08-07 10:50:00.000000','Gain location vélo',73.77,'TRANSFERRED',95),
(96,'2024-04-12 18:18:00.000000','Gain location vélo',125.25,'TRANSFERRED',96),
(97,'2024-12-20 12:46:00.000000','Gain location vélo',19.81,'PENDING',97),
(98,'2024-01-04 10:32:00.000000','Gain location vélo',20.54,'TRANSFERRED',98),
(99,'2024-12-20 15:47:00.000000','Gain location vélo',103.5,'PENDING',99),
(100,'2024-05-28 19:15:00.000000','Gain location vélo',85.2,'PENDING',100),
(101,'2024-03-11 18:04:00.000000','Gain location vélo',152.59,'TRANSFERRED',101),
(102,'2024-03-06 13:57:00.000000','Gain location vélo',89.18,'TRANSFERRED',102),
(103,'2024-08-05 08:42:00.000000','Gain location vélo',29.85,'PENDING',103),
(104,'2024-08-14 13:01:00.000000','Gain location vélo',116.52,'PENDING',104),
(105,'2024-03-09 09:10:00.000000','Gain location vélo',84.05,'TRANSFERRED',105),
(106,'2024-11-25 08:38:00.000000','Gain location vélo',94.26,'PENDING',106),
(107,'2024-06-16 17:00:00.000000','Gain location vélo',27.44,'PENDING',107),
(108,'2024-08-28 11:30:00.000000','Gain location vélo',137.7,'TRANSFERRED',108),
(109,'2024-02-02 08:36:00.000000','Gain location vélo',42.67,'TRANSFERRED',109),
(110,'2024-11-10 11:33:00.000000','Gain location vélo',117.27,'TRANSFERRED',110),
(111,'2024-09-06 20:09:00.000000','Gain location vélo',52.46,'TRANSFERRED',111),
(112,'2024-02-04 12:51:00.000000','Gain location vélo',161.33,'PENDING',112),
(113,'2024-12-11 15:31:00.000000','Gain location vélo',111.02,'TRANSFERRED',113),
(114,'2024-12-12 16:16:00.000000','Gain location vélo',83.51,'TRANSFERRED',114),
(115,'2024-11-16 12:23:00.000000','Gain location vélo',187.11,'TRANSFERRED',115),
(116,'2024-08-01 13:19:00.000000','Gain location vélo',110.66,'TRANSFERRED',116),
(117,'2024-12-11 16:49:00.000000','Gain location vélo',128.2,'TRANSFERRED',117),
(118,'2024-11-28 17:30:00.000000','Gain location vélo',40.16,'TRANSFERRED',118),
(119,'2024-02-09 18:33:00.000000','Gain location vélo',58.74,'TRANSFERRED',119),
(120,'2024-12-21 08:09:00.000000','Gain location vélo',188.71,'PENDING',120);
INSERT INTO `gains` (`id`,`created_at`,`description`,`amount_earned`,`status`,`payment_id`) VALUES
(121,'2024-07-28 11:42:00.000000','Gain location vélo',141.96,'TRANSFERRED',121),
(122,'2024-03-12 15:01:00.000000','Gain location vélo',48.82,'PENDING',122),
(123,'2024-04-19 19:44:00.000000','Gain location vélo',94.44,'PENDING',123),
(124,'2024-07-12 11:47:00.000000','Gain location vélo',53.66,'TRANSFERRED',124),
(125,'2024-02-07 14:40:00.000000','Gain location vélo',90.35,'TRANSFERRED',125),
(126,'2024-02-09 18:43:00.000000','Gain location vélo',16.52,'PENDING',126),
(127,'2024-09-15 16:11:00.000000','Gain location vélo',222.93,'TRANSFERRED',127),
(128,'2024-05-22 13:56:00.000000','Gain location vélo',122.58,'PENDING',128),
(129,'2024-06-13 17:26:00.000000','Gain location vélo',31.68,'PENDING',129),
(130,'2024-05-10 11:02:00.000000','Gain location vélo',105.74,'TRANSFERRED',130),
(131,'2024-10-17 19:21:00.000000','Gain location vélo',45.5,'TRANSFERRED',131),
(132,'2024-10-04 14:50:00.000000','Gain location vélo',13.99,'TRANSFERRED',132),
(133,'2024-08-19 20:50:00.000000','Gain location vélo',62.26,'PENDING',133),
(134,'2024-06-10 09:00:00.000000','Gain location vélo',184.09,'PENDING',134),
(135,'2024-08-22 10:29:00.000000','Gain location vélo',142.24,'TRANSFERRED',135),
(136,'2024-11-05 16:18:00.000000','Gain location vélo',136.51,'TRANSFERRED',136),
(137,'2024-10-18 18:10:00.000000','Gain location vélo',143.83,'PENDING',137),
(138,'2024-05-16 12:04:00.000000','Gain location vélo',232.2,'TRANSFERRED',138),
(139,'2024-05-01 15:02:00.000000','Gain location vélo',100.83,'TRANSFERRED',139),
(140,'2024-04-10 17:07:00.000000','Gain location vélo',265.58,'TRANSFERRED',140),
(141,'2024-01-16 12:00:00.000000','Gain location vélo',109.78,'TRANSFERRED',141),
(142,'2024-07-12 18:53:00.000000','Gain location vélo',88.6,'TRANSFERRED',142),
(143,'2024-01-02 12:08:00.000000','Gain location vélo',184.92,'PENDING',143),
(144,'2024-06-10 20:54:00.000000','Gain location vélo',84.77,'TRANSFERRED',144),
(145,'2024-09-22 20:35:00.000000','Gain location vélo',48.46,'TRANSFERRED',145),
(146,'2024-03-03 19:17:00.000000','Gain location vélo',171.37,'PENDING',146),
(147,'2024-03-24 11:27:00.000000','Gain location vélo',21.47,'PENDING',147),
(148,'2024-10-03 12:14:00.000000','Gain location vélo',268.2,'PENDING',148),
(149,'2024-01-16 13:15:00.000000','Gain location vélo',82.14,'TRANSFERRED',149),
(150,'2024-11-21 14:27:00.000000','Gain location vélo',91.83,'TRANSFERRED',150),
(151,'2024-07-04 12:58:00.000000','Gain location vélo',184.67,'PENDING',151),
(152,'2024-05-20 12:11:00.000000','Gain location vélo',19.22,'TRANSFERRED',152),
(153,'2024-10-14 18:56:00.000000','Gain location vélo',81.13,'PENDING',153),
(154,'2024-06-26 17:08:00.000000','Gain location vélo',133.27,'TRANSFERRED',154),
(155,'2024-11-25 11:16:00.000000','Gain location vélo',83.1,'TRANSFERRED',155),
(156,'2024-03-14 16:12:00.000000','Gain location vélo',205.73,'PENDING',156),
(157,'2024-05-10 09:19:00.000000','Gain location vélo',192.01,'TRANSFERRED',157),
(158,'2024-10-21 15:34:00.000000','Gain location vélo',47.01,'TRANSFERRED',158),
(159,'2024-03-13 20:56:00.000000','Gain location vélo',157.28,'TRANSFERRED',159),
(160,'2024-07-04 10:33:00.000000','Gain location vélo',59.11,'TRANSFERRED',160);
INSERT INTO `gains` (`id`,`created_at`,`description`,`amount_earned`,`status`,`payment_id`) VALUES
(161,'2024-08-23 13:32:00.000000','Gain location vélo',151.91,'TRANSFERRED',161),
(162,'2024-11-23 13:29:00.000000','Gain location vélo',14.48,'PENDING',162),
(163,'2024-06-14 15:26:00.000000','Gain location vélo',36.58,'TRANSFERRED',163),
(164,'2024-07-15 08:58:00.000000','Gain location vélo',150.34,'TRANSFERRED',164),
(165,'2024-09-01 20:26:00.000000','Gain location vélo',173.07,'TRANSFERRED',165),
(166,'2024-02-25 10:39:00.000000','Gain location vélo',148.03,'PENDING',166),
(167,'2024-05-26 11:37:00.000000','Gain location vélo',151.44,'TRANSFERRED',167),
(168,'2024-09-12 10:39:00.000000','Gain location vélo',35.97,'PENDING',168),
(169,'2024-09-19 12:03:00.000000','Gain location vélo',63.4,'TRANSFERRED',169),
(170,'2024-07-05 14:42:00.000000','Gain location vélo',239.14,'TRANSFERRED',170),
(171,'2024-01-15 20:48:00.000000','Gain location vélo',64.24,'TRANSFERRED',171),
(172,'2024-09-15 08:05:00.000000','Gain location vélo',150.48,'TRANSFERRED',172),
(173,'2024-01-09 18:06:00.000000','Gain location vélo',110.97,'TRANSFERRED',173),
(174,'2024-06-20 09:52:00.000000','Gain location vélo',54.11,'PENDING',174),
(175,'2024-05-19 15:44:00.000000','Gain location vélo',38.94,'PENDING',175),
(176,'2024-06-28 08:07:00.000000','Gain location vélo',156.28,'PENDING',176),
(177,'2024-12-19 18:32:00.000000','Gain location vélo',33.77,'PENDING',177),
(178,'2024-12-23 08:44:00.000000','Gain location vélo',97.73,'TRANSFERRED',178),
(179,'2024-04-17 10:35:00.000000','Gain location vélo',26.75,'PENDING',179),
(180,'2024-12-16 10:14:00.000000','Gain location vélo',137.51,'TRANSFERRED',180),
(181,'2024-11-21 10:19:00.000000','Gain location vélo',61.99,'TRANSFERRED',181),
(182,'2024-11-10 19:59:00.000000','Gain location vélo',47.76,'TRANSFERRED',182),
(183,'2024-01-26 15:39:00.000000','Gain location vélo',142.31,'TRANSFERRED',183),
(184,'2024-12-07 09:04:00.000000','Gain location vélo',107.06,'TRANSFERRED',184),
(185,'2024-01-05 17:56:00.000000','Gain location vélo',49.59,'TRANSFERRED',185),
(186,'2024-02-17 09:15:00.000000','Gain location vélo',129.89,'PENDING',186),
(187,'2024-04-04 15:01:00.000000','Gain location vélo',61.97,'TRANSFERRED',187),
(188,'2024-09-15 14:03:00.000000','Gain location vélo',174.54,'PENDING',188),
(189,'2024-02-10 14:30:00.000000','Gain location vélo',44.49,'PENDING',189),
(190,'2024-03-27 11:53:00.000000','Gain location vélo',171.83,'PENDING',190),
(191,'2024-09-09 17:43:00.000000','Gain location vélo',140.18,'TRANSFERRED',191),
(192,'2024-08-28 18:39:00.000000','Gain location vélo',59.52,'TRANSFERRED',192),
(193,'2024-02-14 10:40:00.000000','Gain location vélo',171.06,'TRANSFERRED',193),
(194,'2024-01-06 10:52:00.000000','Gain location vélo',14.8,'PENDING',194),
(195,'2024-12-22 11:10:00.000000','Gain location vélo',67.17,'PENDING',195),
(196,'2024-09-24 19:34:00.000000','Gain location vélo',49.55,'PENDING',196),
(197,'2024-04-16 15:18:00.000000','Gain location vélo',95.83,'TRANSFERRED',197),
(198,'2024-05-22 09:37:00.000000','Gain location vélo',97.08,'TRANSFERRED',198),
(199,'2024-08-12 18:17:00.000000','Gain location vélo',83.78,'TRANSFERRED',199),
(200,'2024-07-13 19:51:00.000000','Gain location vélo',145.06,'TRANSFERRED',200);
INSERT INTO `gains` (`id`,`created_at`,`description`,`amount_earned`,`status`,`payment_id`) VALUES
(201,'2024-02-15 14:52:00.000000','Gain location vélo',144.82,'TRANSFERRED',201),
(202,'2024-07-05 08:18:00.000000','Gain location vélo',79.45,'TRANSFERRED',202),
(203,'2024-08-04 17:24:00.000000','Gain location vélo',106.89,'PENDING',203),
(204,'2024-01-19 12:02:00.000000','Gain location vélo',177.51,'PENDING',204),
(205,'2024-11-21 18:39:00.000000','Gain location vélo',11.06,'PENDING',205),
(206,'2024-08-02 13:08:00.000000','Gain location vélo',122.82,'TRANSFERRED',206),
(207,'2024-08-24 15:17:00.000000','Gain location vélo',16.59,'TRANSFERRED',207),
(208,'2024-01-06 13:32:00.000000','Gain location vélo',187.12,'PENDING',208),
(209,'2024-09-07 13:57:00.000000','Gain location vélo',136.63,'PENDING',209),
(210,'2024-12-17 14:32:00.000000','Gain location vélo',36.66,'TRANSFERRED',210),
(211,'2024-02-06 18:09:00.000000','Gain location vélo',51.06,'TRANSFERRED',211),
(212,'2024-06-21 19:36:00.000000','Gain location vélo',79.5,'PENDING',212),
(213,'2024-06-15 19:54:00.000000','Gain location vélo',64.29,'PENDING',213),
(214,'2024-03-09 20:48:00.000000','Gain location vélo',170.61,'TRANSFERRED',214),
(215,'2024-11-10 14:04:00.000000','Gain location vélo',99.19,'TRANSFERRED',215),
(216,'2024-11-16 14:30:00.000000','Gain location vélo',70.27,'PENDING',216),
(217,'2024-10-22 10:36:00.000000','Gain location vélo',33.3,'TRANSFERRED',217),
(218,'2024-12-17 20:42:00.000000','Gain location vélo',129.57,'TRANSFERRED',218),
(219,'2024-09-09 10:44:00.000000','Gain location vélo',167.29,'TRANSFERRED',219),
(220,'2024-06-19 17:22:00.000000','Gain location vélo',95.52,'TRANSFERRED',220),
(221,'2024-10-20 14:04:00.000000','Gain location vélo',109.08,'PENDING',221),
(222,'2024-01-01 19:10:00.000000','Gain location vélo',120.98,'PENDING',222),
(223,'2024-04-04 18:06:00.000000','Gain location vélo',52.71,'TRANSFERRED',223),
(224,'2024-08-22 15:20:00.000000','Gain location vélo',34.51,'TRANSFERRED',224),
(225,'2024-04-25 20:58:00.000000','Gain location vélo',82.0,'PENDING',225),
(226,'2024-12-26 11:06:00.000000','Gain location vélo',38.01,'PENDING',226),
(227,'2024-03-24 14:48:00.000000','Gain location vélo',124.55,'TRANSFERRED',227),
(228,'2024-07-03 08:39:00.000000','Gain location vélo',59.2,'TRANSFERRED',228),
(229,'2024-05-04 08:54:00.000000','Gain location vélo',107.65,'PENDING',229),
(230,'2024-12-03 15:48:00.000000','Gain location vélo',49.93,'PENDING',230),
(231,'2024-06-20 18:53:00.000000','Gain location vélo',111.34,'TRANSFERRED',231),
(232,'2024-01-06 13:06:00.000000','Gain location vélo',159.88,'TRANSFERRED',232),
(233,'2024-12-15 14:08:00.000000','Gain location vélo',62.28,'PENDING',233),
(234,'2024-11-19 16:12:00.000000','Gain location vélo',97.19,'TRANSFERRED',234),
(235,'2024-04-09 15:28:00.000000','Gain location vélo',100.91,'TRANSFERRED',235),
(236,'2024-11-10 11:12:00.000000','Gain location vélo',13.09,'PENDING',236),
(237,'2024-12-06 14:52:00.000000','Gain location vélo',208.97,'PENDING',237),
(238,'2024-09-26 20:12:00.000000','Gain location vélo',37.9,'TRANSFERRED',238),
(239,'2024-02-19 08:40:00.000000','Gain location vélo',96.57,'TRANSFERRED',239),
(240,'2024-11-04 11:02:00.000000','Gain location vélo',209.93,'TRANSFERRED',240);
INSERT INTO `gains` (`id`,`created_at`,`description`,`amount_earned`,`status`,`payment_id`) VALUES
(241,'2024-03-01 13:49:00.000000','Gain location vélo',53.51,'PENDING',241),
(242,'2024-07-19 16:55:00.000000','Gain location vélo',76.21,'TRANSFERRED',242),
(243,'2024-02-11 10:43:00.000000','Gain location vélo',114.35,'TRANSFERRED',243),
(244,'2024-12-24 18:33:00.000000','Gain location vélo',205.16,'PENDING',244),
(245,'2024-08-07 11:36:00.000000','Gain location vélo',200.64,'TRANSFERRED',245),
(246,'2024-08-17 13:22:00.000000','Gain location vélo',102.78,'PENDING',246),
(247,'2024-10-18 10:51:00.000000','Gain location vélo',175.61,'PENDING',247),
(248,'2024-02-15 14:40:00.000000','Gain location vélo',94.56,'TRANSFERRED',248),
(249,'2024-07-28 09:36:00.000000','Gain location vélo',93.02,'TRANSFERRED',249),
(250,'2024-02-05 20:33:00.000000','Gain location vélo',91.69,'TRANSFERRED',250),
(251,'2024-05-04 09:31:00.000000','Gain location vélo',102.99,'TRANSFERRED',251),
(252,'2024-04-02 17:34:00.000000','Gain location vélo',91.42,'PENDING',252),
(253,'2024-06-01 11:52:00.000000','Gain location vélo',115.86,'PENDING',253),
(254,'2024-05-27 12:24:00.000000','Gain location vélo',135.04,'PENDING',254),
(255,'2024-12-12 09:55:00.000000','Gain location vélo',38.24,'PENDING',255),
(256,'2024-03-10 09:34:00.000000','Gain location vélo',174.04,'PENDING',256),
(257,'2024-10-08 16:59:00.000000','Gain location vélo',105.59,'PENDING',257),
(258,'2024-10-17 12:25:00.000000','Gain location vélo',122.75,'PENDING',258),
(259,'2024-10-02 16:44:00.000000','Gain location vélo',199.07,'TRANSFERRED',259),
(260,'2024-02-19 15:59:00.000000','Gain location vélo',53.64,'TRANSFERRED',260),
(261,'2024-05-21 08:02:00.000000','Gain location vélo',54.91,'TRANSFERRED',261),
(262,'2024-06-14 12:12:00.000000','Gain location vélo',55.38,'TRANSFERRED',262),
(263,'2024-06-25 08:08:00.000000','Gain location vélo',137.61,'TRANSFERRED',263),
(264,'2024-04-18 19:21:00.000000','Gain location vélo',124.78,'PENDING',264),
(265,'2024-11-02 11:31:00.000000','Gain location vélo',44.68,'TRANSFERRED',265),
(266,'2024-02-26 17:57:00.000000','Gain location vélo',127.16,'TRANSFERRED',266),
(267,'2024-10-23 20:51:00.000000','Gain location vélo',196.48,'PENDING',267),
(268,'2024-01-12 09:26:00.000000','Gain location vélo',32.43,'TRANSFERRED',268),
(269,'2024-10-24 17:59:00.000000','Gain location vélo',52.69,'TRANSFERRED',269),
(270,'2024-02-18 15:08:00.000000','Gain location vélo',273.08,'TRANSFERRED',270),
(271,'2024-05-24 08:06:00.000000','Gain location vélo',34.69,'PENDING',271),
(272,'2024-01-16 16:14:00.000000','Gain location vélo',30.95,'TRANSFERRED',272),
(273,'2024-11-12 14:30:00.000000','Gain location vélo',27.19,'PENDING',273),
(274,'2024-05-26 11:01:00.000000','Gain location vélo',72.69,'TRANSFERRED',274),
(275,'2024-01-01 20:50:00.000000','Gain location vélo',46.1,'PENDING',275),
(276,'2024-04-18 17:55:00.000000','Gain location vélo',61.34,'TRANSFERRED',276),
(277,'2024-07-22 18:47:00.000000','Gain location vélo',109.16,'TRANSFERRED',277),
(278,'2024-01-18 15:03:00.000000','Gain location vélo',233.69,'TRANSFERRED',278),
(279,'2024-07-25 14:44:00.000000','Gain location vélo',115.22,'TRANSFERRED',279),
(280,'2024-03-14 19:27:00.000000','Gain location vélo',95.43,'TRANSFERRED',280);
INSERT INTO `gains` (`id`,`created_at`,`description`,`amount_earned`,`status`,`payment_id`) VALUES
(281,'2024-09-05 09:28:00.000000','Gain location vélo',169.65,'TRANSFERRED',281),
(282,'2024-02-20 13:22:00.000000','Gain location vélo',83.2,'PENDING',282),
(283,'2024-04-11 14:58:00.000000','Gain location vélo',196.58,'PENDING',283),
(284,'2024-01-08 11:05:00.000000','Gain location vélo',47.7,'TRANSFERRED',284),
(285,'2024-10-01 11:26:00.000000','Gain location vélo',183.83,'PENDING',285),
(286,'2024-12-25 20:50:00.000000','Gain location vélo',37.57,'PENDING',286),
(287,'2024-09-19 08:51:00.000000','Gain location vélo',250.85,'TRANSFERRED',287),
(288,'2024-01-28 19:15:00.000000','Gain location vélo',67.22,'TRANSFERRED',288),
(289,'2024-01-03 08:08:00.000000','Gain location vélo',69.95,'TRANSFERRED',289),
(290,'2024-08-06 12:02:00.000000','Gain location vélo',51.82,'PENDING',290),
(291,'2024-06-12 17:41:00.000000','Gain location vélo',35.02,'TRANSFERRED',291),
(292,'2024-04-10 10:38:00.000000','Gain location vélo',87.05,'PENDING',292),
(293,'2024-07-16 18:07:00.000000','Gain location vélo',182.78,'PENDING',293),
(294,'2024-11-03 09:16:00.000000','Gain location vélo',104.51,'TRANSFERRED',294),
(295,'2024-09-07 15:45:00.000000','Gain location vélo',79.57,'TRANSFERRED',295),
(296,'2024-12-27 13:57:00.000000','Gain location vélo',101.91,'TRANSFERRED',296),
(297,'2024-04-15 19:19:00.000000','Gain location vélo',18.06,'TRANSFERRED',297),
(298,'2024-06-25 16:18:00.000000','Gain location vélo',28.69,'PENDING',298),
(299,'2024-11-08 16:57:00.000000','Gain location vélo',33.97,'PENDING',299),
(300,'2024-05-11 19:34:00.000000','Gain location vélo',148.77,'TRANSFERRED',300);

INSERT INTO `refunds` (`id`,`amount`,`created_at`,`refund_percentage`,`payment_id`) VALUES
(1,194.47,'2024-02-02 13:57:00.000000',100,1),
(2,24.48,'2024-12-20 15:17:00.000000',70,4),
(3,67.81,'2024-04-05 16:14:00.000000',50,5),
(4,119.71,'2024-12-18 11:07:00.000000',70,8),
(5,31.51,'2024-12-27 20:09:00.000000',70,11),
(6,44.57,'2024-04-23 15:41:00.000000',50,14),
(7,129.04,'2024-02-01 15:53:00.000000',70,16),
(8,61.59,'2024-05-09 17:24:00.000000',50,22),
(9,125.7,'2024-02-02 12:54:00.000000',70,34),
(10,91.98,'2024-07-16 08:55:00.000000',100,35),
(11,209.26,'2024-07-15 08:14:00.000000',70,36),
(12,26.18,'2024-07-06 18:27:00.000000',50,42),
(13,40.34,'2024-01-22 12:02:00.000000',100,43),
(14,134.81,'2024-06-01 17:48:00.000000',100,44),
(15,45.23,'2024-05-26 20:37:00.000000',70,48),
(16,69.83,'2024-01-11 19:53:00.000000',50,49),
(17,25.1,'2024-07-28 14:50:00.000000',100,51),
(18,269.69,'2024-12-25 08:51:00.000000',100,55),
(19,45.35,'2024-09-13 19:59:00.000000',50,58),
(20,40.08,'2024-05-28 16:29:00.000000',100,60),
(21,78.05,'2024-10-24 17:49:00.000000',70,62),
(22,126.12,'2024-05-06 14:29:00.000000',100,65),
(23,197.97,'2024-04-05 08:17:00.000000',100,69),
(24,76.24,'2024-05-03 11:49:00.000000',100,76),
(25,144.07,'2024-05-11 17:25:00.000000',100,77),
(26,9.88,'2024-10-09 13:17:00.000000',50,78),
(27,130.35,'2024-05-26 18:51:00.000000',100,79),
(28,135.75,'2024-01-04 12:36:00.000000',100,82),
(29,166.24,'2024-06-27 12:54:00.000000',100,84),
(30,19.48,'2024-08-15 08:28:00.000000',50,85),
(31,22.28,'2024-08-02 13:30:00.000000',50,86),
(32,131.44,'2024-09-07 14:03:00.000000',100,87),
(33,207.68,'2024-02-09 17:35:00.000000',100,93),
(34,94.56,'2024-02-15 10:16:00.000000',70,94),
(35,15.07,'2024-05-28 15:08:00.000000',70,97),
(36,56.25,'2024-11-06 10:55:00.000000',50,99),
(37,92.61,'2024-11-02 11:07:00.000000',100,100),
(38,32.45,'2024-01-06 18:32:00.000000',100,103),
(39,71.72,'2024-10-11 08:35:00.000000',70,106),
(40,29.83,'2024-04-02 19:16:00.000000',100,107);
INSERT INTO `refunds` (`id`,`amount`,`created_at`,`refund_percentage`,`payment_id`) VALUES
(41,122.75,'2024-01-22 13:34:00.000000',70,112),
(42,205.12,'2024-01-20 11:22:00.000000',100,120),
(43,51.33,'2024-02-17 15:07:00.000000',50,123),
(44,17.96,'2024-02-08 11:20:00.000000',100,126),
(45,133.24,'2024-06-27 18:26:00.000000',100,128),
(46,17.22,'2024-11-14 12:09:00.000000',50,129),
(47,33.84,'2024-06-20 20:23:00.000000',50,133),
(48,140.07,'2024-07-21 13:30:00.000000',70,134),
(49,109.44,'2024-10-01 10:23:00.000000',70,137),
(50,100.5,'2024-05-05 17:01:00.000000',50,143),
(51,93.14,'2024-10-07 20:20:00.000000',50,146),
(52,23.34,'2024-12-25 19:32:00.000000',100,147),
(53,291.52,'2024-12-12 11:24:00.000000',100,148),
(54,200.73,'2024-01-22 19:09:00.000000',100,151),
(55,61.73,'2024-11-03 09:59:00.000000',70,153),
(56,111.81,'2024-10-17 17:40:00.000000',50,156),
(57,15.74,'2024-12-14 16:46:00.000000',100,162),
(58,80.45,'2024-09-26 08:38:00.000000',50,166),
(59,27.37,'2024-11-17 16:28:00.000000',70,168),
(60,41.17,'2024-05-07 17:18:00.000000',70,174),
(61,21.16,'2024-06-08 20:49:00.000000',50,175),
(62,118.91,'2024-04-15 13:47:00.000000',70,176),
(63,18.36,'2024-12-08 15:46:00.000000',50,177),
(64,20.36,'2024-06-03 13:35:00.000000',70,179),
(65,141.18,'2024-02-12 18:30:00.000000',100,186),
(66,189.72,'2024-04-15 20:26:00.000000',100,188),
(67,24.18,'2024-10-27 10:59:00.000000',50,189),
(68,186.77,'2024-04-25 14:43:00.000000',100,190),
(69,16.09,'2024-11-05 17:16:00.000000',100,194),
(70,51.11,'2024-06-11 09:05:00.000000',70,195),
(71,37.7,'2024-07-17 10:36:00.000000',70,196),
(72,81.33,'2024-11-25 11:57:00.000000',70,203),
(73,96.47,'2024-08-01 10:07:00.000000',50,204),
(74,8.41,'2024-05-25 16:45:00.000000',70,205),
(75,142.37,'2024-12-04 10:55:00.000000',70,208),
(76,74.25,'2024-07-01 19:10:00.000000',50,209),
(77,43.2,'2024-03-17 16:58:00.000000',50,212),
(78,48.92,'2024-07-12 10:25:00.000000',70,213),
(79,76.38,'2024-09-08 19:18:00.000000',100,216),
(80,59.28,'2024-06-27 13:37:00.000000',50,221);
INSERT INTO `refunds` (`id`,`amount`,`created_at`,`refund_percentage`,`payment_id`) VALUES
(81,131.5,'2024-10-04 19:02:00.000000',100,222),
(82,44.56,'2024-12-12 15:58:00.000000',50,225),
(83,28.92,'2024-11-15 19:53:00.000000',70,226),
(84,81.91,'2024-05-25 15:44:00.000000',70,229),
(85,27.14,'2024-12-06 19:49:00.000000',50,230),
(86,14.23,'2024-09-03 10:57:00.000000',100,236),
(87,113.57,'2024-10-19 13:43:00.000000',50,237),
(88,58.16,'2024-08-13 13:28:00.000000',100,241),
(89,55.86,'2024-09-24 17:17:00.000000',50,246),
(90,95.44,'2024-04-10 15:21:00.000000',50,247),
(91,49.69,'2024-10-17 16:37:00.000000',50,252),
(92,125.93,'2024-07-10 13:24:00.000000',100,253),
(93,102.75,'2024-03-05 08:52:00.000000',70,254),
(94,41.56,'2024-12-07 14:33:00.000000',100,255),
(95,80.34,'2024-10-20 13:06:00.000000',70,257),
(96,93.39,'2024-05-06 09:18:00.000000',70,258),
(97,94.94,'2024-08-15 11:56:00.000000',70,264),
(98,106.78,'2024-05-09 17:48:00.000000',50,267),
(99,18.86,'2024-04-22 12:09:00.000000',50,271),
(100,14.78,'2024-04-18 16:48:00.000000',50,273),
(101,25.05,'2024-01-20 08:57:00.000000',50,275),
(102,90.43,'2024-09-26 11:00:00.000000',100,282),
(103,149.57,'2024-01-12 11:18:00.000000',70,283),
(104,40.84,'2024-07-24 15:33:00.000000',100,286),
(105,28.16,'2024-08-10 09:45:00.000000',50,290),
(106,94.62,'2024-02-15 14:31:00.000000',100,292),
(107,139.07,'2024-02-28 10:17:00.000000',70,293),
(108,31.18,'2024-11-04 13:51:00.000000',100,298),
(109,18.46,'2024-12-26 11:46:00.000000',50,299);

INSERT INTO `chat_messages` (`id`,`content`,`reservation_id`,`sent_at`,`from_user_id`,`to_user_id`) VALUES
(1,'Merci pour la location, tout s\'est bien passé.',1,'2024-07-12 12:29:00.000000',39,58),
(2,'Oui, sans souci pour ces dates.',2,'2024-08-12 08:27:00.000000',108,66),
(3,'Merci pour la location, tout s\'est bien passé.',2,'2024-08-12 11:53:00.000000',108,66),
(4,'Bonjour, le vélo est-il disponible ?',2,'2024-08-21 18:40:00.000000',108,66),
(5,'À quelle heure puis-je récupérer le vélo ?',3,'2024-11-15 21:14:00.000000',28,76),
(6,'Oui, taille M.',4,'2024-07-04 21:11:00.000000',99,67),
(7,'Oui, sans souci pour ces dates.',4,'2024-07-13 18:56:00.000000',99,67),
(8,'Oui, sans souci pour ces dates.',5,'2024-12-16 08:27:00.000000',34,20),
(9,'Bonjour, le vélo est-il disponible ?',5,'2024-12-16 19:11:00.000000',20,34),
(10,'Au plaisir !',5,'2024-12-14 17:24:00.000000',20,34),
(11,'Super, je réserve !',6,'2024-06-24 16:42:00.000000',20,109),
(12,'Oui, taille M.',7,'2024-03-26 18:31:00.000000',34,52),
(13,'Merci pour la location, tout s\'est bien passé.',7,'2024-03-23 17:22:00.000000',34,52),
(14,'Vers 10h ça vous va ?',8,'2024-08-11 09:56:00.000000',60,26),
(15,'Le casque est-il fourni ?',8,'2024-08-04 13:15:00.000000',60,26),
(16,'Parfait, merci beaucoup.',9,'2023-12-30 18:07:00.000000',18,43),
(17,'Oui, taille M.',10,'2024-08-22 20:56:00.000000',93,20),
(18,'À quelle heure puis-je récupérer le vélo ?',10,'2024-08-11 17:26:00.000000',20,93),
(19,'Le casque est-il fourni ?',10,'2024-08-18 16:13:00.000000',93,20),
(20,'Parfait, merci beaucoup.',11,'2024-07-02 12:43:00.000000',30,9),
(21,'Vers 10h ça vous va ?',12,'2024-08-21 14:25:00.000000',95,57),
(22,'À quelle heure puis-je récupérer le vélo ?',12,'2024-08-27 15:46:00.000000',57,95),
(23,'Le casque est-il fourni ?',13,'2024-04-19 12:28:00.000000',38,12),
(24,'Oui, sans souci pour ces dates.',13,'2024-04-15 16:13:00.000000',12,38),
(25,'Bonjour, le vélo est-il disponible ?',14,'2024-12-20 17:34:00.000000',96,104),
(26,'Oui, sans souci pour ces dates.',14,'2024-12-24 20:24:00.000000',96,104),
(27,'Merci pour la location, tout s\'est bien passé.',14,'2024-12-14 13:49:00.000000',96,104),
(28,'À quelle heure puis-je récupérer le vélo ?',15,'2024-08-08 13:34:00.000000',55,36),
(29,'À quelle heure puis-je récupérer le vélo ?',16,'2024-06-06 21:45:00.000000',11,15),
(30,'À quelle heure puis-je récupérer le vélo ?',17,'2024-03-01 13:26:00.000000',83,120),
(31,'Bonjour, le vélo est-il disponible ?',17,'2024-03-05 08:02:00.000000',83,120),
(32,'Bonjour, le vélo est-il disponible ?',18,'2024-01-15 20:31:00.000000',78,55),
(33,'À quelle heure puis-je récupérer le vélo ?',18,'2024-01-18 08:14:00.000000',78,55),
(34,'Le casque est-il fourni ?',18,'2024-01-24 21:50:00.000000',78,55),
(35,'Oui, sans souci pour ces dates.',19,'2024-11-15 21:05:00.000000',40,96),
(36,'Merci pour la location, tout s\'est bien passé.',19,'2024-11-10 08:00:00.000000',40,96),
(37,'Au plaisir !',19,'2024-11-19 09:47:00.000000',96,40),
(38,'Le casque est-il fourni ?',20,'2024-01-04 20:20:00.000000',50,18),
(39,'Oui, taille M.',20,'2024-01-13 12:17:00.000000',18,50),
(40,'Le casque est-il fourni ?',21,'2024-02-29 14:18:00.000000',114,30);
INSERT INTO `chat_messages` (`id`,`content`,`reservation_id`,`sent_at`,`from_user_id`,`to_user_id`) VALUES
(41,'Oui, taille M.',22,'2024-02-14 16:17:00.000000',111,6),
(42,'Oui, taille M.',23,'2024-02-20 14:01:00.000000',38,113),
(43,'Oui, sans souci pour ces dates.',23,'2024-02-16 20:34:00.000000',38,113),
(44,'À quelle heure puis-je récupérer le vélo ?',24,'2024-12-27 14:49:00.000000',78,116),
(45,'Vers 10h ça vous va ?',24,'2024-12-12 17:06:00.000000',78,116),
(46,'Super, je réserve !',25,'2024-11-19 09:35:00.000000',7,26),
(47,'Oui, sans souci pour ces dates.',25,'2024-11-06 17:15:00.000000',7,26),
(48,'Au plaisir !',26,'2024-04-26 16:46:00.000000',81,107),
(49,'Vers 10h ça vous va ?',27,'2024-11-10 12:26:00.000000',99,47),
(50,'Au plaisir !',28,'2024-12-01 08:20:00.000000',62,34),
(51,'À quelle heure puis-je récupérer le vélo ?',28,'2024-12-05 12:44:00.000000',34,62),
(52,'Parfait, merci beaucoup.',28,'2024-11-20 16:31:00.000000',34,62),
(53,'Merci pour la location, tout s\'est bien passé.',29,'2024-01-31 19:30:00.000000',26,92),
(54,'Oui, sans souci pour ces dates.',29,'2024-02-12 09:27:00.000000',92,26),
(55,'Oui, sans souci pour ces dates.',29,'2024-02-14 10:33:00.000000',26,92),
(56,'Le casque est-il fourni ?',30,'2024-09-18 08:56:00.000000',3,104),
(57,'Merci pour la location, tout s\'est bien passé.',31,'2024-02-16 10:47:00.000000',90,5),
(58,'Le casque est-il fourni ?',31,'2024-03-02 12:07:00.000000',90,5),
(59,'Au plaisir !',32,'2024-03-11 16:20:00.000000',87,48),
(60,'Merci pour la location, tout s\'est bien passé.',32,'2024-03-14 10:18:00.000000',87,48),
(61,'Vers 10h ça vous va ?',33,'2024-08-16 16:38:00.000000',119,89),
(62,'Super, je réserve !',33,'2024-08-21 13:59:00.000000',119,89),
(63,'Le casque est-il fourni ?',33,'2024-08-12 08:20:00.000000',119,89),
(64,'À quelle heure puis-je récupérer le vélo ?',34,'2024-05-08 08:19:00.000000',101,23),
(65,'Bonjour, le vélo est-il disponible ?',35,'2024-05-10 13:06:00.000000',55,106),
(66,'Merci pour la location, tout s\'est bien passé.',36,'2024-05-03 09:22:00.000000',38,65),
(67,'À quelle heure puis-je récupérer le vélo ?',36,'2024-04-27 18:00:00.000000',65,38),
(68,'Vers 10h ça vous va ?',36,'2024-04-25 17:46:00.000000',38,65),
(69,'Merci pour la location, tout s\'est bien passé.',37,'2024-01-20 12:35:00.000000',61,59),
(70,'Super, je réserve !',37,'2024-01-26 09:37:00.000000',61,59),
(71,'Au plaisir !',38,'2024-12-06 10:16:00.000000',47,50),
(72,'Au plaisir !',39,'2024-04-04 13:36:00.000000',43,52),
(73,'Bonjour, le vélo est-il disponible ?',40,'2023-12-25 11:10:00.000000',6,85),
(74,'Au plaisir !',40,'2024-01-03 09:59:00.000000',85,6),
(75,'Bonjour, le vélo est-il disponible ?',40,'2024-01-04 15:55:00.000000',6,85),
(76,'Oui, taille M.',41,'2024-09-01 10:32:00.000000',17,49),
(77,'Merci pour la location, tout s\'est bien passé.',41,'2024-08-18 13:19:00.000000',17,49),
(78,'Le casque est-il fourni ?',42,'2024-07-24 14:49:00.000000',44,111),
(79,'Parfait, merci beaucoup.',43,'2024-05-24 21:33:00.000000',15,5),
(80,'Vers 10h ça vous va ?',43,'2024-05-27 10:40:00.000000',5,15);
INSERT INTO `chat_messages` (`id`,`content`,`reservation_id`,`sent_at`,`from_user_id`,`to_user_id`) VALUES
(81,'Oui, taille M.',43,'2024-05-20 16:28:00.000000',5,15),
(82,'Le casque est-il fourni ?',44,'2024-05-17 16:57:00.000000',55,113),
(83,'Parfait, merci beaucoup.',44,'2024-05-15 08:55:00.000000',55,113),
(84,'À quelle heure puis-je récupérer le vélo ?',44,'2024-05-09 19:27:00.000000',55,113),
(85,'Super, je réserve !',45,'2024-03-12 14:23:00.000000',80,63),
(86,'Parfait, merci beaucoup.',45,'2024-03-18 11:28:00.000000',80,63),
(87,'Parfait, merci beaucoup.',45,'2024-03-18 17:19:00.000000',80,63),
(88,'Bonjour, le vélo est-il disponible ?',46,'2024-08-01 16:58:00.000000',77,5),
(89,'Le casque est-il fourni ?',47,'2024-01-07 18:30:00.000000',64,33),
(90,'Bonjour, le vélo est-il disponible ?',47,'2024-01-07 12:40:00.000000',64,33),
(91,'Oui, taille M.',47,'2024-01-15 21:45:00.000000',33,64),
(92,'Merci pour la location, tout s\'est bien passé.',48,'2024-11-20 10:30:00.000000',67,109),
(93,'Au plaisir !',48,'2024-12-04 13:01:00.000000',67,109),
(94,'Super, je réserve !',48,'2024-12-01 19:47:00.000000',67,109),
(95,'Bonjour, le vélo est-il disponible ?',49,'2024-12-14 08:28:00.000000',22,10),
(96,'Au plaisir !',50,'2024-09-28 21:12:00.000000',68,26),
(97,'Parfait, merci beaucoup.',50,'2024-09-26 21:43:00.000000',26,68),
(98,'Le casque est-il fourni ?',51,'2023-12-30 16:00:00.000000',43,38),
(99,'Merci pour la location, tout s\'est bien passé.',51,'2024-01-09 09:12:00.000000',43,38),
(100,'Oui, taille M.',51,'2024-01-02 09:11:00.000000',43,38),
(101,'Le casque est-il fourni ?',52,'2023-12-28 19:32:00.000000',20,89),
(102,'Merci pour la location, tout s\'est bien passé.',53,'2024-11-01 12:17:00.000000',43,77),
(103,'Oui, sans souci pour ces dates.',54,'2024-09-21 17:53:00.000000',94,11),
(104,'Oui, sans souci pour ces dates.',54,'2024-09-21 09:07:00.000000',11,94),
(105,'Bonjour, le vélo est-il disponible ?',55,'2024-02-13 13:37:00.000000',110,96),
(106,'Oui, taille M.',56,'2024-06-27 18:23:00.000000',34,99),
(107,'À quelle heure puis-je récupérer le vélo ?',57,'2024-10-29 12:53:00.000000',92,83),
(108,'Le casque est-il fourni ?',58,'2024-11-16 12:03:00.000000',89,40),
(109,'Au plaisir !',58,'2024-11-15 12:08:00.000000',89,40),
(110,'Vers 10h ça vous va ?',58,'2024-11-13 21:12:00.000000',40,89),
(111,'Oui, taille M.',59,'2024-08-04 12:44:00.000000',63,107),
(112,'Parfait, merci beaucoup.',60,'2024-06-09 17:23:00.000000',55,100),
(113,'Super, je réserve !',60,'2024-06-06 21:40:00.000000',100,55),
(114,'Au plaisir !',61,'2024-08-10 10:34:00.000000',77,44),
(115,'Vers 10h ça vous va ?',62,'2024-08-21 13:41:00.000000',98,83),
(116,'À quelle heure puis-je récupérer le vélo ?',63,'2024-03-14 09:32:00.000000',20,54),
(117,'Oui, sans souci pour ces dates.',64,'2024-01-25 08:59:00.000000',71,52),
(118,'Oui, taille M.',64,'2024-01-28 15:08:00.000000',52,71),
(119,'Bonjour, le vélo est-il disponible ?',65,'2024-12-07 18:37:00.000000',85,58),
(120,'Bonjour, le vélo est-il disponible ?',65,'2024-12-16 18:22:00.000000',85,58);
INSERT INTO `chat_messages` (`id`,`content`,`reservation_id`,`sent_at`,`from_user_id`,`to_user_id`) VALUES
(121,'Oui, sans souci pour ces dates.',65,'2024-12-04 13:21:00.000000',85,58),
(122,'Merci pour la location, tout s\'est bien passé.',66,'2024-02-15 10:29:00.000000',77,3),
(123,'Oui, taille M.',67,'2024-11-26 20:39:00.000000',116,113),
(124,'Oui, taille M.',68,'2024-04-28 19:25:00.000000',34,80),
(125,'Au plaisir !',68,'2024-05-03 19:23:00.000000',34,80),
(126,'À quelle heure puis-je récupérer le vélo ?',68,'2024-04-29 12:02:00.000000',80,34),
(127,'Au plaisir !',69,'2024-10-22 20:17:00.000000',112,5),
(128,'Super, je réserve !',69,'2024-11-04 10:32:00.000000',112,5),
(129,'Super, je réserve !',69,'2024-10-29 17:48:00.000000',5,112),
(130,'Super, je réserve !',70,'2024-11-15 09:19:00.000000',24,22),
(131,'Super, je réserve !',71,'2024-10-07 15:00:00.000000',80,54),
(132,'Oui, sans souci pour ces dates.',71,'2024-10-07 12:19:00.000000',80,54),
(133,'À quelle heure puis-je récupérer le vélo ?',72,'2024-01-17 14:05:00.000000',15,85),
(134,'Super, je réserve !',73,'2024-07-16 08:30:00.000000',93,31),
(135,'Oui, taille M.',74,'2024-06-19 19:13:00.000000',61,112),
(136,'Oui, sans souci pour ces dates.',74,'2024-06-17 19:15:00.000000',112,61),
(137,'Parfait, merci beaucoup.',75,'2024-08-15 14:49:00.000000',111,104),
(138,'Merci pour la location, tout s\'est bien passé.',75,'2024-08-06 17:25:00.000000',104,111),
(139,'Au plaisir !',76,'2024-02-21 11:56:00.000000',2,119),
(140,'Merci pour la location, tout s\'est bien passé.',77,'2024-01-05 13:21:00.000000',97,38),
(141,'À quelle heure puis-je récupérer le vélo ?',78,'2024-07-27 09:41:00.000000',111,87),
(142,'Le casque est-il fourni ?',79,'2024-05-20 11:19:00.000000',9,97),
(143,'Vers 10h ça vous va ?',80,'2024-12-09 14:09:00.000000',58,1),
(144,'Le casque est-il fourni ?',81,'2024-08-24 08:16:00.000000',30,18),
(145,'Oui, sans souci pour ces dates.',81,'2024-08-27 18:33:00.000000',30,18),
(146,'Oui, sans souci pour ces dates.',82,'2024-05-13 18:46:00.000000',58,17),
(147,'Bonjour, le vélo est-il disponible ?',82,'2024-05-12 20:51:00.000000',58,17),
(148,'Bonjour, le vélo est-il disponible ?',83,'2024-03-08 18:29:00.000000',109,58),
(149,'Bonjour, le vélo est-il disponible ?',84,'2024-03-25 14:49:00.000000',61,23),
(150,'Oui, sans souci pour ces dates.',84,'2024-03-29 19:40:00.000000',23,61),
(151,'Oui, taille M.',85,'2024-08-19 16:23:00.000000',34,27),
(152,'Super, je réserve !',85,'2024-08-22 09:50:00.000000',34,27),
(153,'Oui, sans souci pour ces dates.',85,'2024-08-21 21:43:00.000000',34,27),
(154,'Au plaisir !',86,'2024-08-25 11:32:00.000000',106,22),
(155,'Vers 10h ça vous va ?',87,'2024-04-03 08:29:00.000000',75,72),
(156,'Bonjour, le vélo est-il disponible ?',87,'2024-04-01 15:23:00.000000',72,75),
(157,'Parfait, merci beaucoup.',87,'2024-04-05 12:27:00.000000',75,72),
(158,'Super, je réserve !',88,'2024-03-23 16:17:00.000000',35,96),
(159,'Parfait, merci beaucoup.',88,'2024-03-10 08:28:00.000000',35,96),
(160,'Parfait, merci beaucoup.',88,'2024-03-22 17:07:00.000000',35,96);
INSERT INTO `chat_messages` (`id`,`content`,`reservation_id`,`sent_at`,`from_user_id`,`to_user_id`) VALUES
(161,'Oui, sans souci pour ces dates.',89,'2024-08-15 11:11:00.000000',57,33),
(162,'Oui, taille M.',89,'2024-08-23 19:09:00.000000',33,57),
(163,'Au plaisir !',89,'2024-08-19 13:29:00.000000',57,33),
(164,'Parfait, merci beaucoup.',90,'2024-08-19 08:04:00.000000',72,106),
(165,'Oui, sans souci pour ces dates.',91,'2024-12-07 14:32:00.000000',21,97),
(166,'Bonjour, le vélo est-il disponible ?',91,'2024-12-01 14:25:00.000000',21,97),
(167,'Oui, sans souci pour ces dates.',92,'2024-11-04 19:41:00.000000',92,20),
(168,'Vers 10h ça vous va ?',93,'2024-01-02 17:16:00.000000',82,99),
(169,'Bonjour, le vélo est-il disponible ?',93,'2024-01-01 19:51:00.000000',82,99),
(170,'Le casque est-il fourni ?',94,'2024-12-19 20:59:00.000000',43,48),
(171,'Bonjour, le vélo est-il disponible ?',94,'2024-12-20 12:32:00.000000',48,43),
(172,'Vers 10h ça vous va ?',95,'2024-07-21 18:18:00.000000',68,100),
(173,'Le casque est-il fourni ?',95,'2024-07-20 08:50:00.000000',68,100),
(174,'Au plaisir !',95,'2024-07-18 12:29:00.000000',100,68),
(175,'Parfait, merci beaucoup.',96,'2024-09-19 11:01:00.000000',110,47),
(176,'Au plaisir !',96,'2024-09-17 19:45:00.000000',110,47),
(177,'Parfait, merci beaucoup.',96,'2024-09-13 18:38:00.000000',47,110),
(178,'Parfait, merci beaucoup.',97,'2024-09-03 13:21:00.000000',104,47),
(179,'Oui, taille M.',97,'2024-08-20 10:29:00.000000',104,47),
(180,'Vers 10h ça vous va ?',97,'2024-08-29 18:24:00.000000',104,47),
(181,'Merci pour la location, tout s\'est bien passé.',98,'2024-07-23 18:31:00.000000',8,63),
(182,'Merci pour la location, tout s\'est bien passé.',98,'2024-07-23 11:47:00.000000',63,8),
(183,'Oui, taille M.',99,'2024-11-07 15:43:00.000000',92,98),
(184,'Au plaisir !',99,'2024-11-12 17:22:00.000000',92,98),
(185,'Merci pour la location, tout s\'est bien passé.',100,'2024-06-01 20:18:00.000000',41,30),
(186,'Merci pour la location, tout s\'est bien passé.',100,'2024-05-25 14:58:00.000000',30,41),
(187,'À quelle heure puis-je récupérer le vélo ?',101,'2024-04-15 09:25:00.000000',83,34),
(188,'Super, je réserve !',102,'2024-11-04 10:55:00.000000',38,104),
(189,'À quelle heure puis-je récupérer le vélo ?',103,'2024-12-11 13:48:00.000000',96,93),
(190,'Parfait, merci beaucoup.',103,'2024-12-16 13:49:00.000000',93,96),
(191,'Merci pour la location, tout s\'est bien passé.',103,'2024-12-14 16:34:00.000000',96,93),
(192,'Oui, taille M.',104,'2024-05-05 15:48:00.000000',71,77),
(193,'Super, je réserve !',104,'2024-05-03 10:59:00.000000',71,77),
(194,'Super, je réserve !',105,'2024-09-09 20:29:00.000000',102,38),
(195,'Le casque est-il fourni ?',105,'2024-09-16 14:37:00.000000',38,102),
(196,'Super, je réserve !',106,'2024-06-09 17:14:00.000000',8,11),
(197,'Le casque est-il fourni ?',106,'2024-06-07 17:36:00.000000',11,8),
(198,'Oui, taille M.',107,'2024-05-12 10:36:00.000000',58,75),
(199,'Au plaisir !',108,'2024-12-10 08:47:00.000000',73,46),
(200,'À quelle heure puis-je récupérer le vélo ?',108,'2024-12-09 16:32:00.000000',46,73);
INSERT INTO `chat_messages` (`id`,`content`,`reservation_id`,`sent_at`,`from_user_id`,`to_user_id`) VALUES
(201,'À quelle heure puis-je récupérer le vélo ?',108,'2024-12-16 15:23:00.000000',46,73),
(202,'Vers 10h ça vous va ?',109,'2024-12-13 13:08:00.000000',101,53),
(203,'Oui, taille M.',110,'2024-09-13 17:29:00.000000',72,42),
(204,'Super, je réserve !',111,'2024-06-19 11:50:00.000000',47,55),
(205,'Parfait, merci beaucoup.',112,'2024-06-19 20:38:00.000000',34,10),
(206,'Oui, sans souci pour ces dates.',112,'2024-06-17 11:29:00.000000',34,10),
(207,'Oui, taille M.',113,'2024-05-06 21:33:00.000000',58,112),
(208,'Merci pour la location, tout s\'est bien passé.',114,'2024-07-14 12:56:00.000000',94,30),
(209,'Bonjour, le vélo est-il disponible ?',114,'2024-07-27 15:30:00.000000',94,30),
(210,'Merci pour la location, tout s\'est bien passé.',115,'2024-12-16 13:25:00.000000',47,17),
(211,'Oui, sans souci pour ces dates.',115,'2024-12-03 14:50:00.000000',47,17),
(212,'Au plaisir !',116,'2024-03-10 20:52:00.000000',96,41),
(213,'Parfait, merci beaucoup.',117,'2024-04-21 14:42:00.000000',49,74),
(214,'Oui, sans souci pour ces dates.',118,'2024-07-17 11:16:00.000000',54,38),
(215,'Oui, taille M.',119,'2024-05-05 15:57:00.000000',62,40),
(216,'Oui, taille M.',119,'2024-04-29 13:18:00.000000',62,40),
(217,'Au plaisir !',120,'2024-01-06 17:17:00.000000',1,9),
(218,'Vers 10h ça vous va ?',120,'2024-01-10 10:33:00.000000',9,1),
(219,'Vers 10h ça vous va ?',121,'2024-07-05 17:23:00.000000',101,100),
(220,'Vers 10h ça vous va ?',122,'2024-11-10 17:40:00.000000',26,58),
(221,'Super, je réserve !',122,'2024-11-01 18:18:00.000000',58,26),
(222,'Vers 10h ça vous va ?',123,'2024-07-09 10:38:00.000000',53,80),
(223,'Bonjour, le vélo est-il disponible ?',123,'2024-07-05 18:14:00.000000',53,80),
(224,'Bonjour, le vélo est-il disponible ?',123,'2024-07-04 10:37:00.000000',53,80),
(225,'Super, je réserve !',124,'2024-11-27 15:39:00.000000',57,38),
(226,'Merci pour la location, tout s\'est bien passé.',124,'2024-12-05 17:54:00.000000',38,57),
(227,'Oui, taille M.',125,'2024-11-28 21:59:00.000000',91,99),
(228,'Le casque est-il fourni ?',125,'2024-11-25 10:30:00.000000',91,99),
(229,'Vers 10h ça vous va ?',126,'2024-10-23 13:14:00.000000',108,70),
(230,'Oui, sans souci pour ces dates.',127,'2023-12-27 17:49:00.000000',115,77),
(231,'Bonjour, le vélo est-il disponible ?',128,'2024-12-12 15:36:00.000000',107,2),
(232,'Parfait, merci beaucoup.',128,'2024-12-20 19:12:00.000000',2,107),
(233,'Parfait, merci beaucoup.',128,'2024-12-15 18:06:00.000000',2,107),
(234,'Oui, taille M.',129,'2024-01-14 20:03:00.000000',76,38),
(235,'Super, je réserve !',129,'2024-01-09 11:16:00.000000',38,76),
(236,'Oui, taille M.',129,'2024-01-09 11:44:00.000000',38,76),
(237,'Oui, sans souci pour ces dates.',130,'2024-06-05 16:17:00.000000',68,30),
(238,'Vers 10h ça vous va ?',131,'2024-03-07 10:33:00.000000',19,92),
(239,'Au plaisir !',131,'2024-03-02 11:37:00.000000',19,92),
(240,'Bonjour, le vélo est-il disponible ?',131,'2024-03-06 16:56:00.000000',19,92);
INSERT INTO `chat_messages` (`id`,`content`,`reservation_id`,`sent_at`,`from_user_id`,`to_user_id`) VALUES
(241,'Oui, sans souci pour ces dates.',132,'2024-06-04 11:30:00.000000',110,79),
(242,'Merci pour la location, tout s\'est bien passé.',132,'2024-05-22 11:06:00.000000',79,110),
(243,'Bonjour, le vélo est-il disponible ?',133,'2024-06-26 12:36:00.000000',19,113),
(244,'Oui, taille M.',133,'2024-07-08 19:56:00.000000',113,19),
(245,'Au plaisir !',133,'2024-07-05 17:51:00.000000',113,19),
(246,'Au plaisir !',134,'2024-09-30 20:26:00.000000',100,77),
(247,'Oui, taille M.',134,'2024-10-03 13:32:00.000000',77,100),
(248,'Merci pour la location, tout s\'est bien passé.',135,'2024-08-09 12:55:00.000000',41,110),
(249,'Merci pour la location, tout s\'est bien passé.',135,'2024-08-10 18:35:00.000000',41,110),
(250,'Super, je réserve !',135,'2024-08-04 09:48:00.000000',41,110),
(251,'Super, je réserve !',136,'2023-12-25 15:10:00.000000',114,117),
(252,'Oui, sans souci pour ces dates.',136,'2023-12-27 18:19:00.000000',114,117),
(253,'Oui, sans souci pour ces dates.',137,'2024-03-05 11:49:00.000000',84,96),
(254,'Vers 10h ça vous va ?',137,'2024-03-04 12:32:00.000000',96,84),
(255,'Vers 10h ça vous va ?',138,'2024-02-26 09:43:00.000000',20,101),
(256,'Super, je réserve !',138,'2024-03-06 17:43:00.000000',20,101),
(257,'Super, je réserve !',139,'2023-12-20 20:10:00.000000',58,96),
(258,'Oui, taille M.',139,'2023-12-27 13:33:00.000000',96,58),
(259,'Vers 10h ça vous va ?',140,'2024-07-27 20:46:00.000000',111,118),
(260,'Vers 10h ça vous va ?',140,'2024-08-01 15:59:00.000000',118,111),
(261,'Parfait, merci beaucoup.',140,'2024-07-31 13:46:00.000000',118,111),
(262,'Le casque est-il fourni ?',141,'2024-10-18 14:36:00.000000',28,98),
(263,'Bonjour, le vélo est-il disponible ?',141,'2024-10-27 20:25:00.000000',98,28),
(264,'Super, je réserve !',141,'2024-10-16 18:51:00.000000',98,28),
(265,'À quelle heure puis-je récupérer le vélo ?',142,'2024-05-03 21:45:00.000000',12,9),
(266,'Parfait, merci beaucoup.',142,'2024-04-25 12:53:00.000000',9,12),
(267,'Merci pour la location, tout s\'est bien passé.',143,'2024-06-25 13:35:00.000000',113,6),
(268,'Oui, taille M.',144,'2024-08-03 17:32:00.000000',91,100),
(269,'Super, je réserve !',144,'2024-08-06 09:15:00.000000',100,91),
(270,'Oui, taille M.',144,'2024-07-25 19:37:00.000000',91,100),
(271,'Oui, taille M.',145,'2024-01-11 19:58:00.000000',89,43),
(272,'Bonjour, le vélo est-il disponible ?',146,'2024-10-25 08:06:00.000000',2,55),
(273,'Vers 10h ça vous va ?',147,'2024-11-10 15:59:00.000000',11,33),
(274,'Parfait, merci beaucoup.',147,'2024-11-17 19:04:00.000000',11,33),
(275,'Super, je réserve !',147,'2024-11-08 21:09:00.000000',33,11),
(276,'Oui, taille M.',148,'2024-07-21 16:05:00.000000',105,24),
(277,'Vers 10h ça vous va ?',148,'2024-07-19 16:33:00.000000',105,24),
(278,'Oui, sans souci pour ces dates.',148,'2024-07-23 20:49:00.000000',24,105),
(279,'Oui, taille M.',149,'2024-02-05 21:23:00.000000',11,2),
(280,'Oui, taille M.',149,'2024-02-09 10:20:00.000000',11,2);
INSERT INTO `chat_messages` (`id`,`content`,`reservation_id`,`sent_at`,`from_user_id`,`to_user_id`) VALUES
(281,'Vers 10h ça vous va ?',149,'2024-02-04 13:12:00.000000',2,11),
(282,'Le casque est-il fourni ?',150,'2024-05-22 10:07:00.000000',104,98),
(283,'Merci pour la location, tout s\'est bien passé.',150,'2024-05-07 20:03:00.000000',98,104),
(284,'Le casque est-il fourni ?',151,'2024-03-28 08:36:00.000000',85,92),
(285,'Oui, taille M.',152,'2024-09-27 20:34:00.000000',60,91),
(286,'Au plaisir !',153,'2024-09-14 19:04:00.000000',6,73),
(287,'Merci pour la location, tout s\'est bien passé.',153,'2024-09-13 16:10:00.000000',73,6),
(288,'À quelle heure puis-je récupérer le vélo ?',154,'2024-02-18 17:41:00.000000',82,73),
(289,'Oui, taille M.',155,'2024-04-04 21:17:00.000000',111,73),
(290,'Oui, sans souci pour ces dates.',156,'2024-05-18 18:21:00.000000',33,79),
(291,'Le casque est-il fourni ?',156,'2024-05-12 15:33:00.000000',79,33),
(292,'Le casque est-il fourni ?',157,'2024-06-05 08:39:00.000000',7,93),
(293,'Vers 10h ça vous va ?',158,'2024-01-14 14:09:00.000000',67,97),
(294,'À quelle heure puis-je récupérer le vélo ?',159,'2024-06-27 16:29:00.000000',113,1),
(295,'Super, je réserve !',160,'2024-02-04 11:49:00.000000',96,55),
(296,'Merci pour la location, tout s\'est bien passé.',160,'2024-02-03 09:01:00.000000',55,96),
(297,'Merci pour la location, tout s\'est bien passé.',160,'2024-02-07 20:08:00.000000',96,55),
(298,'À quelle heure puis-je récupérer le vélo ?',161,'2024-01-06 21:20:00.000000',98,13),
(299,'Le casque est-il fourni ?',161,'2024-01-10 12:10:00.000000',98,13),
(300,'Bonjour, le vélo est-il disponible ?',162,'2024-04-05 20:22:00.000000',61,72),
(301,'Le casque est-il fourni ?',162,'2024-03-28 09:53:00.000000',61,72),
(302,'Oui, taille M.',163,'2024-08-19 14:03:00.000000',80,89),
(303,'Au plaisir !',164,'2024-01-07 20:24:00.000000',118,110),
(304,'Au plaisir !',164,'2024-01-11 10:32:00.000000',110,118),
(305,'Oui, sans souci pour ces dates.',165,'2024-01-05 20:13:00.000000',58,57),
(306,'Le casque est-il fourni ?',165,'2023-12-30 19:20:00.000000',58,57),
(307,'Parfait, merci beaucoup.',165,'2024-01-08 20:32:00.000000',57,58),
(308,'Bonjour, le vélo est-il disponible ?',166,'2024-01-07 15:01:00.000000',72,110),
(309,'Oui, sans souci pour ces dates.',166,'2023-12-28 14:54:00.000000',72,110),
(310,'Le casque est-il fourni ?',167,'2024-10-17 21:04:00.000000',111,117),
(311,'Oui, sans souci pour ces dates.',167,'2024-10-17 11:44:00.000000',117,111),
(312,'Vers 10h ça vous va ?',168,'2024-10-08 15:01:00.000000',38,113),
(313,'À quelle heure puis-je récupérer le vélo ?',168,'2024-10-10 08:09:00.000000',38,113),
(314,'Super, je réserve !',168,'2024-10-20 10:33:00.000000',113,38),
(315,'À quelle heure puis-je récupérer le vélo ?',169,'2024-04-03 08:38:00.000000',119,76),
(316,'Super, je réserve !',170,'2024-09-24 17:26:00.000000',114,25),
(317,'Super, je réserve !',170,'2024-09-30 16:09:00.000000',25,114),
(318,'Bonjour, le vélo est-il disponible ?',170,'2024-10-02 20:10:00.000000',25,114),
(319,'Vers 10h ça vous va ?',171,'2024-02-25 18:23:00.000000',57,108),
(320,'Parfait, merci beaucoup.',171,'2024-03-08 20:01:00.000000',108,57);
INSERT INTO `chat_messages` (`id`,`content`,`reservation_id`,`sent_at`,`from_user_id`,`to_user_id`) VALUES
(321,'Super, je réserve !',172,'2024-11-24 19:55:00.000000',63,66),
(322,'Merci pour la location, tout s\'est bien passé.',173,'2024-05-08 20:38:00.000000',61,112),
(323,'À quelle heure puis-je récupérer le vélo ?',173,'2024-05-17 08:22:00.000000',61,112),
(324,'Oui, taille M.',174,'2024-02-29 09:30:00.000000',87,39),
(325,'Au plaisir !',175,'2024-10-24 10:54:00.000000',107,26),
(326,'Oui, taille M.',175,'2024-11-07 12:30:00.000000',107,26),
(327,'Oui, sans souci pour ces dates.',176,'2024-11-30 17:42:00.000000',77,58),
(328,'Merci pour la location, tout s\'est bien passé.',176,'2024-12-05 10:14:00.000000',77,58),
(329,'Oui, sans souci pour ces dates.',177,'2024-02-11 11:42:00.000000',119,21),
(330,'Au plaisir !',178,'2024-08-08 12:56:00.000000',30,96),
(331,'Vers 10h ça vous va ?',178,'2024-08-13 12:11:00.000000',30,96),
(332,'Merci pour la location, tout s\'est bien passé.',178,'2024-08-06 18:37:00.000000',30,96),
(333,'Super, je réserve !',179,'2024-06-28 20:57:00.000000',99,27),
(334,'Au plaisir !',179,'2024-06-25 18:09:00.000000',27,99),
(335,'Le casque est-il fourni ?',179,'2024-07-05 19:57:00.000000',99,27),
(336,'Super, je réserve !',180,'2024-03-04 10:00:00.000000',15,96),
(337,'Parfait, merci beaucoup.',180,'2024-03-03 10:25:00.000000',96,15),
(338,'Parfait, merci beaucoup.',180,'2024-02-24 15:54:00.000000',15,96),
(339,'Oui, taille M.',181,'2024-03-26 15:13:00.000000',20,4),
(340,'Vers 10h ça vous va ?',182,'2024-08-25 09:47:00.000000',109,100),
(341,'Super, je réserve !',182,'2024-08-29 13:57:00.000000',100,109),
(342,'Oui, taille M.',182,'2024-08-24 20:35:00.000000',109,100),
(343,'Vers 10h ça vous va ?',183,'2024-10-26 20:33:00.000000',3,92),
(344,'Bonjour, le vélo est-il disponible ?',183,'2024-10-25 14:41:00.000000',3,92),
(345,'Oui, taille M.',183,'2024-11-01 09:14:00.000000',92,3),
(346,'Parfait, merci beaucoup.',184,'2024-06-17 10:55:00.000000',31,47),
(347,'Super, je réserve !',185,'2024-12-01 21:32:00.000000',56,7),
(348,'À quelle heure puis-je récupérer le vélo ?',185,'2024-11-27 10:53:00.000000',56,7),
(349,'Super, je réserve !',186,'2024-05-31 16:38:00.000000',89,99),
(350,'Parfait, merci beaucoup.',187,'2024-04-17 20:34:00.000000',61,76),
(351,'Oui, sans souci pour ces dates.',187,'2024-04-13 13:10:00.000000',61,76),
(352,'Super, je réserve !',187,'2024-04-11 21:59:00.000000',61,76),
(353,'Vers 10h ça vous va ?',188,'2024-03-04 21:12:00.000000',91,36),
(354,'Merci pour la location, tout s\'est bien passé.',188,'2024-03-05 12:24:00.000000',36,91),
(355,'Super, je réserve !',188,'2024-03-02 15:20:00.000000',91,36),
(356,'Merci pour la location, tout s\'est bien passé.',189,'2024-10-03 09:16:00.000000',91,85),
(357,'Au plaisir !',189,'2024-09-27 19:39:00.000000',91,85),
(358,'Super, je réserve !',189,'2024-10-02 20:26:00.000000',91,85),
(359,'À quelle heure puis-je récupérer le vélo ?',190,'2024-03-06 20:51:00.000000',60,106),
(360,'À quelle heure puis-je récupérer le vélo ?',191,'2024-09-30 14:37:00.000000',67,35);
INSERT INTO `chat_messages` (`id`,`content`,`reservation_id`,`sent_at`,`from_user_id`,`to_user_id`) VALUES
(361,'Vers 10h ça vous va ?',191,'2024-10-02 09:14:00.000000',35,67),
(362,'Au plaisir !',192,'2024-04-10 19:47:00.000000',107,58),
(363,'Vers 10h ça vous va ?',193,'2024-05-26 10:43:00.000000',108,111),
(364,'Merci pour la location, tout s\'est bien passé.',193,'2024-06-09 18:07:00.000000',111,108),
(365,'Au plaisir !',193,'2024-06-06 20:40:00.000000',108,111),
(366,'Oui, sans souci pour ces dates.',194,'2024-04-05 12:52:00.000000',46,106),
(367,'Parfait, merci beaucoup.',194,'2024-04-05 10:04:00.000000',106,46),
(368,'Vers 10h ça vous va ?',195,'2024-07-13 14:53:00.000000',34,60),
(369,'Super, je réserve !',195,'2024-06-30 14:37:00.000000',60,34),
(370,'À quelle heure puis-je récupérer le vélo ?',196,'2024-03-25 20:18:00.000000',22,57),
(371,'Au plaisir !',196,'2024-04-07 19:38:00.000000',22,57),
(372,'Oui, taille M.',196,'2024-04-02 21:54:00.000000',22,57),
(373,'Oui, sans souci pour ces dates.',197,'2024-02-13 08:40:00.000000',49,83),
(374,'Vers 10h ça vous va ?',197,'2024-02-18 21:46:00.000000',49,83),
(375,'Vers 10h ça vous va ?',197,'2024-02-16 14:42:00.000000',49,83),
(376,'Oui, taille M.',198,'2024-04-08 19:51:00.000000',70,41),
(377,'Le casque est-il fourni ?',198,'2024-03-27 11:37:00.000000',70,41),
(378,'Au plaisir !',199,'2024-10-25 16:38:00.000000',99,23),
(379,'Oui, sans souci pour ces dates.',199,'2024-10-28 08:38:00.000000',99,23),
(380,'Oui, sans souci pour ces dates.',199,'2024-11-06 17:06:00.000000',23,99),
(381,'Bonjour, le vélo est-il disponible ?',200,'2024-04-18 21:25:00.000000',70,80),
(382,'Au plaisir !',201,'2024-10-18 21:29:00.000000',46,97),
(383,'Le casque est-il fourni ?',201,'2024-10-31 14:52:00.000000',46,97),
(384,'Bonjour, le vélo est-il disponible ?',202,'2024-12-01 17:11:00.000000',117,93),
(385,'Le casque est-il fourni ?',202,'2024-11-27 09:18:00.000000',117,93),
(386,'Vers 10h ça vous va ?',202,'2024-11-23 21:57:00.000000',117,93),
(387,'Vers 10h ça vous va ?',203,'2024-12-16 13:15:00.000000',100,60),
(388,'Vers 10h ça vous va ?',203,'2024-12-26 13:29:00.000000',60,100),
(389,'Parfait, merci beaucoup.',204,'2024-06-27 19:25:00.000000',90,82),
(390,'Au plaisir !',205,'2024-03-08 13:22:00.000000',57,112),
(391,'Vers 10h ça vous va ?',206,'2024-11-18 13:53:00.000000',116,55),
(392,'Parfait, merci beaucoup.',206,'2024-11-23 18:25:00.000000',55,116),
(393,'À quelle heure puis-je récupérer le vélo ?',206,'2024-11-20 20:24:00.000000',116,55),
(394,'Oui, taille M.',207,'2024-10-11 13:21:00.000000',29,3),
(395,'Bonjour, le vélo est-il disponible ?',207,'2024-10-21 10:20:00.000000',29,3),
(396,'Merci pour la location, tout s\'est bien passé.',208,'2024-10-10 16:44:00.000000',78,58),
(397,'Oui, sans souci pour ces dates.',209,'2024-07-30 14:39:00.000000',96,25),
(398,'Le casque est-il fourni ?',209,'2024-08-02 19:38:00.000000',25,96),
(399,'Le casque est-il fourni ?',210,'2024-08-27 16:22:00.000000',87,72),
(400,'Vers 10h ça vous va ?',210,'2024-08-25 09:54:00.000000',87,72);
INSERT INTO `chat_messages` (`id`,`content`,`reservation_id`,`sent_at`,`from_user_id`,`to_user_id`) VALUES
(401,'Oui, taille M.',211,'2024-07-08 13:14:00.000000',107,9),
(402,'Vers 10h ça vous va ?',211,'2024-07-03 16:09:00.000000',107,9),
(403,'À quelle heure puis-je récupérer le vélo ?',211,'2024-07-03 21:44:00.000000',9,107),
(404,'À quelle heure puis-je récupérer le vélo ?',212,'2024-08-18 18:51:00.000000',110,48),
(405,'Au plaisir !',213,'2024-07-09 08:54:00.000000',69,61),
(406,'Au plaisir !',214,'2024-12-09 16:35:00.000000',63,105),
(407,'Au plaisir !',214,'2024-12-17 21:33:00.000000',105,63),
(408,'Parfait, merci beaucoup.',215,'2024-12-10 19:16:00.000000',107,65),
(409,'Parfait, merci beaucoup.',215,'2024-12-14 14:23:00.000000',107,65),
(410,'Super, je réserve !',216,'2024-07-09 09:44:00.000000',106,98),
(411,'Au plaisir !',217,'2024-01-17 20:34:00.000000',58,74),
(412,'Oui, sans souci pour ces dates.',217,'2024-01-09 16:20:00.000000',74,58),
(413,'Merci pour la location, tout s\'est bien passé.',218,'2024-05-02 19:44:00.000000',92,114),
(414,'Au plaisir !',218,'2024-05-06 15:17:00.000000',114,92),
(415,'Oui, taille M.',218,'2024-04-29 17:28:00.000000',114,92),
(416,'Oui, taille M.',219,'2024-07-10 08:35:00.000000',94,108),
(417,'Super, je réserve !',219,'2024-07-14 13:30:00.000000',108,94),
(418,'Vers 10h ça vous va ?',219,'2024-07-04 09:46:00.000000',94,108),
(419,'Oui, taille M.',220,'2024-04-06 19:38:00.000000',6,11),
(420,'Oui, taille M.',220,'2024-04-02 14:13:00.000000',6,11),
(421,'Au plaisir !',220,'2024-03-28 13:14:00.000000',6,11),
(422,'Au plaisir !',221,'2024-12-20 20:34:00.000000',98,90),
(423,'Parfait, merci beaucoup.',221,'2024-12-24 17:03:00.000000',90,98),
(424,'Merci pour la location, tout s\'est bien passé.',221,'2024-12-22 17:04:00.000000',98,90),
(425,'Super, je réserve !',222,'2024-02-11 11:38:00.000000',59,97),
(426,'Oui, taille M.',222,'2024-02-17 18:59:00.000000',59,97),
(427,'Au plaisir !',223,'2024-07-30 09:25:00.000000',6,77),
(428,'Le casque est-il fourni ?',223,'2024-07-20 20:26:00.000000',77,6),
(429,'Super, je réserve !',223,'2024-07-28 21:21:00.000000',77,6),
(430,'Vers 10h ça vous va ?',224,'2024-04-08 19:27:00.000000',52,30),
(431,'À quelle heure puis-je récupérer le vélo ?',225,'2024-11-16 14:12:00.000000',42,75),
(432,'Oui, sans souci pour ces dates.',225,'2024-11-22 13:28:00.000000',42,75),
(433,'Parfait, merci beaucoup.',226,'2024-12-14 16:03:00.000000',32,39),
(434,'Bonjour, le vélo est-il disponible ?',226,'2024-12-15 16:00:00.000000',32,39),
(435,'Au plaisir !',226,'2024-12-06 08:51:00.000000',32,39),
(436,'Au plaisir !',227,'2024-02-04 10:12:00.000000',78,104),
(437,'Super, je réserve !',227,'2024-01-31 13:06:00.000000',78,104),
(438,'Super, je réserve !',227,'2024-02-01 15:45:00.000000',104,78),
(439,'Bonjour, le vélo est-il disponible ?',228,'2024-01-08 08:39:00.000000',98,53),
(440,'Vers 10h ça vous va ?',228,'2024-01-19 20:59:00.000000',53,98);
INSERT INTO `chat_messages` (`id`,`content`,`reservation_id`,`sent_at`,`from_user_id`,`to_user_id`) VALUES
(441,'Super, je réserve !',228,'2024-01-19 13:43:00.000000',53,98),
(442,'Au plaisir !',229,'2024-11-15 15:12:00.000000',47,5),
(443,'Merci pour la location, tout s\'est bien passé.',229,'2024-11-08 15:59:00.000000',5,47),
(444,'Merci pour la location, tout s\'est bien passé.',229,'2024-11-04 09:42:00.000000',47,5),
(445,'Oui, taille M.',230,'2024-11-12 10:15:00.000000',83,106),
(446,'Oui, taille M.',231,'2024-01-24 13:03:00.000000',89,1),
(447,'Oui, sans souci pour ces dates.',232,'2024-01-29 21:33:00.000000',34,26),
(448,'Au plaisir !',232,'2024-01-22 16:36:00.000000',34,26),
(449,'À quelle heure puis-je récupérer le vélo ?',232,'2024-01-20 20:34:00.000000',34,26),
(450,'Vers 10h ça vous va ?',233,'2024-03-21 20:12:00.000000',9,53),
(451,'Le casque est-il fourni ?',233,'2024-03-22 14:27:00.000000',53,9),
(452,'Merci pour la location, tout s\'est bien passé.',234,'2024-05-27 09:20:00.000000',105,72),
(453,'Vers 10h ça vous va ?',235,'2024-06-25 15:50:00.000000',49,51),
(454,'Bonjour, le vélo est-il disponible ?',235,'2024-07-03 16:53:00.000000',49,51),
(455,'Au plaisir !',236,'2024-11-02 17:47:00.000000',24,52),
(456,'Merci pour la location, tout s\'est bien passé.',237,'2024-05-11 19:03:00.000000',105,39),
(457,'Parfait, merci beaucoup.',237,'2024-05-12 14:12:00.000000',105,39),
(458,'Le casque est-il fourni ?',237,'2024-05-20 21:52:00.000000',39,105),
(459,'Bonjour, le vélo est-il disponible ?',238,'2024-10-11 16:23:00.000000',54,99),
(460,'À quelle heure puis-je récupérer le vélo ?',238,'2024-10-13 15:11:00.000000',54,99),
(461,'Oui, taille M.',238,'2024-10-14 19:13:00.000000',54,99),
(462,'Le casque est-il fourni ?',239,'2024-06-21 08:59:00.000000',92,77),
(463,'À quelle heure puis-je récupérer le vélo ?',240,'2024-12-08 12:00:00.000000',90,98),
(464,'À quelle heure puis-je récupérer le vélo ?',241,'2024-07-07 10:24:00.000000',46,58),
(465,'Super, je réserve !',241,'2024-07-05 08:09:00.000000',58,46),
(466,'Au plaisir !',241,'2024-07-09 14:43:00.000000',46,58),
(467,'Vers 10h ça vous va ?',242,'2024-02-01 11:56:00.000000',61,98),
(468,'Le casque est-il fourni ?',242,'2024-02-10 14:52:00.000000',98,61),
(469,'Oui, taille M.',242,'2024-02-04 21:49:00.000000',98,61),
(470,'Oui, taille M.',243,'2024-06-04 08:44:00.000000',110,18),
(471,'Oui, sans souci pour ces dates.',243,'2024-06-09 09:40:00.000000',18,110),
(472,'Merci pour la location, tout s\'est bien passé.',244,'2024-12-05 09:11:00.000000',31,41),
(473,'Le casque est-il fourni ?',245,'2024-01-09 18:45:00.000000',101,61),
(474,'Au plaisir !',245,'2024-01-08 12:54:00.000000',101,61),
(475,'À quelle heure puis-je récupérer le vélo ?',246,'2024-06-05 14:52:00.000000',43,11),
(476,'Merci pour la location, tout s\'est bien passé.',246,'2024-05-24 11:08:00.000000',11,43),
(477,'Bonjour, le vélo est-il disponible ?',247,'2024-04-17 09:14:00.000000',93,11),
(478,'Au plaisir !',248,'2024-08-01 11:27:00.000000',9,26),
(479,'Bonjour, le vélo est-il disponible ?',248,'2024-07-30 15:38:00.000000',9,26),
(480,'Parfait, merci beaucoup.',249,'2024-10-12 20:13:00.000000',87,23);
INSERT INTO `chat_messages` (`id`,`content`,`reservation_id`,`sent_at`,`from_user_id`,`to_user_id`) VALUES
(481,'Vers 10h ça vous va ?',249,'2024-10-18 10:21:00.000000',23,87),
(482,'Bonjour, le vélo est-il disponible ?',249,'2024-10-07 15:12:00.000000',87,23),
(483,'À quelle heure puis-je récupérer le vélo ?',250,'2024-03-15 16:04:00.000000',40,58),
(484,'Oui, taille M.',250,'2024-03-18 13:42:00.000000',40,58),
(485,'Au plaisir !',251,'2024-10-13 21:15:00.000000',54,37),
(486,'Parfait, merci beaucoup.',252,'2024-08-10 10:35:00.000000',22,99),
(487,'Merci pour la location, tout s\'est bien passé.',252,'2024-08-13 14:33:00.000000',22,99),
(488,'Parfait, merci beaucoup.',252,'2024-08-10 19:59:00.000000',22,99),
(489,'Bonjour, le vélo est-il disponible ?',253,'2024-07-29 18:14:00.000000',102,23),
(490,'Au plaisir !',253,'2024-07-31 21:24:00.000000',102,23),
(491,'Oui, sans souci pour ces dates.',254,'2024-12-05 17:34:00.000000',41,71),
(492,'Le casque est-il fourni ?',255,'2024-10-01 17:41:00.000000',99,72),
(493,'À quelle heure puis-je récupérer le vélo ?',256,'2023-12-20 15:58:00.000000',89,25),
(494,'Oui, taille M.',256,'2023-12-24 13:40:00.000000',89,25),
(495,'Parfait, merci beaucoup.',257,'2024-07-20 15:34:00.000000',33,54),
(496,'Super, je réserve !',257,'2024-07-15 18:46:00.000000',54,33),
(497,'Bonjour, le vélo est-il disponible ?',258,'2023-12-30 13:47:00.000000',59,53),
(498,'Oui, taille M.',258,'2023-12-26 10:02:00.000000',53,59),
(499,'Parfait, merci beaucoup.',259,'2024-12-05 14:08:00.000000',11,99),
(500,'Le casque est-il fourni ?',259,'2024-11-30 14:56:00.000000',99,11),
(501,'Parfait, merci beaucoup.',260,'2024-07-10 14:29:00.000000',93,50),
(502,'Merci pour la location, tout s\'est bien passé.',260,'2024-07-12 10:46:00.000000',50,93),
(503,'Au plaisir !',261,'2024-01-17 17:12:00.000000',87,60),
(504,'Vers 10h ça vous va ?',262,'2024-10-06 13:41:00.000000',11,32),
(505,'Merci pour la location, tout s\'est bien passé.',262,'2024-10-15 15:06:00.000000',32,11),
(506,'À quelle heure puis-je récupérer le vélo ?',263,'2024-07-10 08:12:00.000000',50,89),
(507,'Merci pour la location, tout s\'est bien passé.',263,'2024-07-18 18:24:00.000000',50,89),
(508,'À quelle heure puis-je récupérer le vélo ?',263,'2024-07-09 08:44:00.000000',50,89),
(509,'Au plaisir !',264,'2024-05-18 12:47:00.000000',10,55),
(510,'À quelle heure puis-je récupérer le vélo ?',264,'2024-05-11 17:50:00.000000',10,55),
(511,'Super, je réserve !',265,'2024-11-19 11:55:00.000000',53,11),
(512,'Oui, sans souci pour ces dates.',266,'2024-12-12 18:06:00.000000',27,30),
(513,'Bonjour, le vélo est-il disponible ?',266,'2024-12-13 21:55:00.000000',27,30),
(514,'Super, je réserve !',267,'2024-12-04 13:12:00.000000',98,100),
(515,'Parfait, merci beaucoup.',267,'2024-12-05 21:04:00.000000',98,100),
(516,'Super, je réserve !',268,'2024-05-23 15:21:00.000000',14,23),
(517,'Super, je réserve !',268,'2024-06-03 20:35:00.000000',23,14),
(518,'Oui, sans souci pour ces dates.',268,'2024-06-02 10:26:00.000000',14,23),
(519,'Merci pour la location, tout s\'est bien passé.',269,'2024-03-24 10:35:00.000000',34,73),
(520,'À quelle heure puis-je récupérer le vélo ?',269,'2024-03-29 19:54:00.000000',34,73);
INSERT INTO `chat_messages` (`id`,`content`,`reservation_id`,`sent_at`,`from_user_id`,`to_user_id`) VALUES
(521,'Bonjour, le vélo est-il disponible ?',269,'2024-04-02 15:06:00.000000',34,73),
(522,'Super, je réserve !',270,'2024-06-30 14:30:00.000000',85,34),
(523,'Au plaisir !',271,'2024-01-29 15:37:00.000000',45,49),
(524,'Au plaisir !',272,'2024-02-01 15:42:00.000000',87,30),
(525,'Super, je réserve !',273,'2024-09-24 13:04:00.000000',92,28),
(526,'Super, je réserve !',273,'2024-09-17 18:25:00.000000',28,92),
(527,'Vers 10h ça vous va ?',274,'2024-08-19 18:20:00.000000',111,63),
(528,'Oui, taille M.',275,'2024-06-25 13:38:00.000000',38,44),
(529,'Vers 10h ça vous va ?',275,'2024-06-14 10:23:00.000000',44,38),
(530,'Bonjour, le vélo est-il disponible ?',275,'2024-06-19 16:57:00.000000',44,38),
(531,'À quelle heure puis-je récupérer le vélo ?',276,'2024-06-21 08:41:00.000000',46,110),
(532,'Parfait, merci beaucoup.',276,'2024-06-18 15:27:00.000000',110,46),
(533,'Parfait, merci beaucoup.',277,'2024-02-16 18:05:00.000000',119,38),
(534,'Bonjour, le vélo est-il disponible ?',278,'2024-06-15 19:36:00.000000',32,23),
(535,'Le casque est-il fourni ?',278,'2024-06-09 15:24:00.000000',32,23),
(536,'Parfait, merci beaucoup.',278,'2024-06-07 19:24:00.000000',32,23),
(537,'Parfait, merci beaucoup.',279,'2024-01-08 14:45:00.000000',39,25),
(538,'Merci pour la location, tout s\'est bien passé.',279,'2024-01-10 19:16:00.000000',25,39),
(539,'Oui, taille M.',280,'2024-11-07 09:58:00.000000',42,80),
(540,'Oui, sans souci pour ces dates.',281,'2024-06-04 21:32:00.000000',11,91),
(541,'Oui, sans souci pour ces dates.',281,'2024-06-10 20:48:00.000000',11,91),
(542,'Super, je réserve !',281,'2024-06-09 13:04:00.000000',11,91),
(543,'Bonjour, le vélo est-il disponible ?',282,'2024-04-21 21:04:00.000000',71,78),
(544,'Au plaisir !',282,'2024-04-13 21:58:00.000000',71,78),
(545,'Parfait, merci beaucoup.',282,'2024-04-09 18:55:00.000000',78,71),
(546,'Super, je réserve !',283,'2024-02-07 08:45:00.000000',102,76),
(547,'Oui, sans souci pour ces dates.',283,'2024-02-08 10:05:00.000000',102,76),
(548,'Oui, sans souci pour ces dates.',283,'2024-02-03 11:03:00.000000',102,76),
(549,'À quelle heure puis-je récupérer le vélo ?',284,'2024-04-02 15:52:00.000000',70,39),
(550,'Super, je réserve !',284,'2024-03-24 17:45:00.000000',39,70),
(551,'Merci pour la location, tout s\'est bien passé.',285,'2024-03-10 15:11:00.000000',4,47),
(552,'Super, je réserve !',285,'2024-03-06 11:16:00.000000',4,47),
(553,'Oui, sans souci pour ces dates.',286,'2024-10-29 19:07:00.000000',53,61),
(554,'Super, je réserve !',286,'2024-10-25 20:14:00.000000',61,53),
(555,'Merci pour la location, tout s\'est bien passé.',286,'2024-10-26 17:26:00.000000',61,53),
(556,'Parfait, merci beaucoup.',287,'2024-04-06 12:52:00.000000',43,96),
(557,'Vers 10h ça vous va ?',287,'2024-04-19 18:56:00.000000',96,43),
(558,'Oui, sans souci pour ces dates.',287,'2024-04-14 09:03:00.000000',43,96),
(559,'Le casque est-il fourni ?',288,'2024-12-23 17:48:00.000000',96,47),
(560,'Oui, sans souci pour ces dates.',288,'2024-12-10 08:47:00.000000',96,47);
INSERT INTO `chat_messages` (`id`,`content`,`reservation_id`,`sent_at`,`from_user_id`,`to_user_id`) VALUES
(561,'Au plaisir !',289,'2024-04-23 19:43:00.000000',117,29),
(562,'Parfait, merci beaucoup.',289,'2024-05-02 17:16:00.000000',117,29),
(563,'Vers 10h ça vous va ?',290,'2024-04-09 13:31:00.000000',120,29),
(564,'À quelle heure puis-je récupérer le vélo ?',290,'2024-04-14 16:47:00.000000',29,120),
(565,'Le casque est-il fourni ?',291,'2024-01-09 19:22:00.000000',57,95),
(566,'Le casque est-il fourni ?',292,'2024-06-16 20:54:00.000000',113,99),
(567,'Super, je réserve !',292,'2024-06-12 15:09:00.000000',99,113),
(568,'Super, je réserve !',293,'2024-01-05 08:55:00.000000',72,51),
(569,'Super, je réserve !',293,'2024-01-06 21:40:00.000000',72,51),
(570,'Super, je réserve !',293,'2024-01-18 14:50:00.000000',51,72),
(571,'Bonjour, le vélo est-il disponible ?',294,'2024-03-15 11:06:00.000000',84,59),
(572,'Bonjour, le vélo est-il disponible ?',295,'2024-11-26 13:12:00.000000',65,26),
(573,'Merci pour la location, tout s\'est bien passé.',295,'2024-11-29 12:53:00.000000',65,26),
(574,'Oui, taille M.',296,'2024-05-08 17:46:00.000000',64,55),
(575,'Bonjour, le vélo est-il disponible ?',296,'2024-05-18 15:42:00.000000',64,55),
(576,'Oui, taille M.',297,'2024-04-21 13:45:00.000000',106,94),
(577,'Oui, taille M.',297,'2024-04-19 11:33:00.000000',106,94),
(578,'Super, je réserve !',298,'2024-11-06 12:40:00.000000',105,54),
(579,'Au plaisir !',299,'2024-06-30 17:07:00.000000',67,45),
(580,'Parfait, merci beaucoup.',299,'2024-07-04 13:46:00.000000',45,67),
(581,'Oui, sans souci pour ces dates.',300,'2024-12-07 17:30:00.000000',33,25),
(582,'À quelle heure puis-je récupérer le vélo ?',300,'2024-12-07 14:15:00.000000',25,33),
(583,'Parfait, merci beaucoup.',300,'2024-12-11 21:57:00.000000',33,25);

INSERT INTO `evaluations` (`id`,`comment`,`created_at`,`note`,`reservation_id`) VALUES
(1,'Propriétaire réactif et sympa.','2024-08-26 12:35:00.000000',4,2),
(2,'Excellent état, je recommande.','2024-06-23 11:57:00.000000',4,3),
(3,'Rien à redire, top.','2024-11-19 11:45:00.000000',2,7),
(4,'Très bon vélo, propriétaire au top !','2024-04-16 17:30:00.000000',4,10),
(5,'Rien à redire, top.','2024-02-13 20:09:00.000000',5,20),
(6,'Parfait pour visiter la ville.','2024-09-16 15:38:00.000000',5,26),
(7,'Parfait pour visiter la ville.','2024-07-25 11:50:00.000000',5,28),
(8,'Location facile et rapide.','2024-06-28 20:03:00.000000',4,29),
(9,'Rien à redire, top.','2024-11-01 13:22:00.000000',5,32),
(10,'Location facile et rapide.','2024-03-26 12:20:00.000000',4,33),
(11,'Petit souci de freins mais correct.','2024-10-18 11:52:00.000000',2,37),
(12,'Très bon vélo, propriétaire au top !','2024-10-20 09:18:00.000000',2,38),
(13,'Parfait pour visiter la ville.','2024-04-17 20:32:00.000000',4,41),
(14,'Très bon vélo, propriétaire au top !','2024-07-14 19:52:00.000000',5,45),
(15,'Très bon vélo, propriétaire au top !','2024-04-05 12:01:00.000000',5,50),
(16,'Excellent état, je recommande.','2024-07-03 13:29:00.000000',4,53),
(17,'Location facile et rapide.','2024-07-18 10:38:00.000000',5,54),
(18,'Petit souci de freins mais correct.','2024-02-09 15:17:00.000000',4,56),
(19,'Excellent état, je recommande.','2024-08-10 10:37:00.000000',4,57),
(20,'Propriétaire réactif et sympa.','2024-01-04 08:55:00.000000',5,59),
(21,'Selle un peu dure mais bon vélo.','2024-06-05 13:53:00.000000',4,63),
(22,'Selle un peu dure mais bon vélo.','2024-11-14 18:20:00.000000',4,64),
(23,'Parfait pour visiter la ville.','2024-10-27 20:02:00.000000',5,66),
(24,'Excellent état, je recommande.','2024-10-02 16:03:00.000000',5,68),
(25,'Vélo électrique génial, grande autonomie.','2024-02-05 10:06:00.000000',4,71),
(26,'Propriétaire réactif et sympa.','2024-12-08 09:48:00.000000',5,72),
(27,'Vélo conforme, RAS.','2024-06-03 14:21:00.000000',2,73),
(28,'Selle un peu dure mais bon vélo.','2024-09-02 16:26:00.000000',4,74),
(29,'Petit souci de freins mais correct.','2024-09-27 09:52:00.000000',4,75),
(30,'Petit souci de freins mais correct.','2024-02-25 12:14:00.000000',5,80),
(31,'Petit souci de freins mais correct.','2024-11-18 08:03:00.000000',5,83),
(32,'Excellent état, je recommande.','2024-01-08 20:14:00.000000',4,89),
(33,'Selle un peu dure mais bon vélo.','2024-03-17 13:20:00.000000',2,90),
(34,'Parfait pour visiter la ville.','2024-11-13 08:32:00.000000',4,92),
(35,'Vélo électrique génial, grande autonomie.','2024-11-23 19:26:00.000000',4,95),
(36,'Petit souci de freins mais correct.','2024-04-19 08:13:00.000000',5,96),
(37,'Rien à redire, top.','2024-01-12 19:05:00.000000',4,102),
(38,'Petit souci de freins mais correct.','2024-09-27 10:25:00.000000',3,105),
(39,'Parfait pour visiter la ville.','2024-01-21 19:39:00.000000',5,111),
(40,'Petit souci de freins mais correct.','2024-06-17 14:10:00.000000',5,114);
INSERT INTO `evaluations` (`id`,`comment`,`created_at`,`note`,`reservation_id`) VALUES
(41,'Parfait pour visiter la ville.','2024-05-11 11:20:00.000000',4,115),
(42,'Location facile et rapide.','2024-11-10 15:01:00.000000',5,116),
(43,'Selle un peu dure mais bon vélo.','2024-11-22 16:49:00.000000',4,117),
(44,'Vélo conforme, RAS.','2024-02-02 14:51:00.000000',5,118),
(45,'Parfait pour visiter la ville.','2024-04-07 20:36:00.000000',4,121),
(46,'Parfait pour visiter la ville.','2024-11-07 17:52:00.000000',3,124),
(47,'Rien à redire, top.','2024-01-21 18:14:00.000000',5,127),
(48,'Parfait pour visiter la ville.','2024-05-07 16:01:00.000000',3,130),
(49,'Location facile et rapide.','2024-03-28 13:13:00.000000',5,131),
(50,'Selle un peu dure mais bon vélo.','2024-07-24 13:29:00.000000',2,135),
(51,'Rien à redire, top.','2024-03-16 15:35:00.000000',4,138),
(52,'Rien à redire, top.','2024-11-28 11:04:00.000000',5,140),
(53,'Très bon vélo, propriétaire au top !','2024-01-28 08:39:00.000000',5,141),
(54,'Selle un peu dure mais bon vélo.','2024-05-01 12:28:00.000000',3,149),
(55,'Petit souci de freins mais correct.','2024-03-04 08:23:00.000000',4,150),
(56,'Parfait pour visiter la ville.','2024-07-24 13:04:00.000000',4,152),
(57,'Vélo conforme, RAS.','2024-01-10 20:02:00.000000',5,154),
(58,'Petit souci de freins mais correct.','2024-05-15 20:58:00.000000',5,155),
(59,'Très bon vélo, propriétaire au top !','2024-11-24 18:50:00.000000',5,157),
(60,'Vélo conforme, RAS.','2024-08-06 08:07:00.000000',3,158),
(61,'Vélo électrique génial, grande autonomie.','2024-08-28 17:44:00.000000',4,159),
(62,'Vélo conforme, RAS.','2024-01-23 17:30:00.000000',5,160),
(63,'Selle un peu dure mais bon vélo.','2024-03-07 09:25:00.000000',4,161),
(64,'Excellent état, je recommande.','2024-08-14 15:26:00.000000',5,167),
(65,'Parfait pour visiter la ville.','2024-10-02 18:04:00.000000',2,169),
(66,'Parfait pour visiter la ville.','2024-12-16 11:51:00.000000',4,170),
(67,'Location facile et rapide.','2024-05-28 11:15:00.000000',5,171),
(68,'Selle un peu dure mais bon vélo.','2024-11-02 17:53:00.000000',3,172),
(69,'Très bon vélo, propriétaire au top !','2024-12-16 20:14:00.000000',4,173),
(70,'Location facile et rapide.','2024-02-20 13:29:00.000000',5,178),
(71,'Vélo électrique génial, grande autonomie.','2024-06-22 13:46:00.000000',4,180),
(72,'Selle un peu dure mais bon vélo.','2024-06-24 18:22:00.000000',4,181),
(73,'Parfait pour visiter la ville.','2024-07-12 15:22:00.000000',5,182),
(74,'Vélo électrique génial, grande autonomie.','2024-11-25 15:43:00.000000',5,185),
(75,'Excellent état, je recommande.','2024-07-03 17:16:00.000000',5,187),
(76,'Vélo électrique génial, grande autonomie.','2024-06-21 15:28:00.000000',5,192),
(77,'Excellent état, je recommande.','2024-03-02 13:32:00.000000',3,193),
(78,'Rien à redire, top.','2024-09-21 19:10:00.000000',4,197),
(79,'Vélo conforme, RAS.','2024-04-27 19:25:00.000000',5,200),
(80,'Vélo électrique génial, grande autonomie.','2024-02-17 16:02:00.000000',3,202);
INSERT INTO `evaluations` (`id`,`comment`,`created_at`,`note`,`reservation_id`) VALUES
(81,'Excellent état, je recommande.','2024-01-09 16:42:00.000000',5,207),
(82,'Location facile et rapide.','2024-11-23 20:21:00.000000',4,211),
(83,'Vélo électrique génial, grande autonomie.','2024-12-27 20:23:00.000000',5,214),
(84,'Rien à redire, top.','2024-09-22 14:14:00.000000',2,215),
(85,'Petit souci de freins mais correct.','2024-07-23 20:06:00.000000',5,217),
(86,'Petit souci de freins mais correct.','2024-08-05 19:57:00.000000',4,218),
(87,'Excellent état, je recommande.','2024-09-26 09:31:00.000000',4,224),
(88,'Selle un peu dure mais bon vélo.','2024-12-10 11:48:00.000000',3,227),
(89,'Petit souci de freins mais correct.','2024-04-18 18:06:00.000000',5,228),
(90,'Excellent état, je recommande.','2024-01-10 09:13:00.000000',5,232),
(91,'Location facile et rapide.','2024-11-03 09:16:00.000000',3,235),
(92,'Très bon vélo, propriétaire au top !','2024-07-12 18:25:00.000000',2,240),
(93,'Petit souci de freins mais correct.','2024-05-11 14:23:00.000000',4,243),
(94,'Rien à redire, top.','2024-10-19 15:40:00.000000',5,248),
(95,'Propriétaire réactif et sympa.','2024-11-16 08:31:00.000000',4,249),
(96,'Selle un peu dure mais bon vélo.','2024-05-23 15:55:00.000000',5,250),
(97,'Rien à redire, top.','2024-02-14 19:37:00.000000',4,251),
(98,'Très bon vélo, propriétaire au top !','2024-11-16 08:24:00.000000',3,260),
(99,'Vélo conforme, RAS.','2024-02-16 12:34:00.000000',2,261),
(100,'Vélo conforme, RAS.','2024-12-27 19:40:00.000000',5,262),
(101,'Location facile et rapide.','2024-12-11 11:38:00.000000',5,263),
(102,'Location facile et rapide.','2024-05-18 20:45:00.000000',5,266),
(103,'Excellent état, je recommande.','2024-07-04 08:43:00.000000',5,268),
(104,'Vélo électrique génial, grande autonomie.','2024-11-25 08:59:00.000000',4,269),
(105,'Rien à redire, top.','2024-09-06 15:17:00.000000',5,270),
(106,'Parfait pour visiter la ville.','2024-09-21 19:03:00.000000',5,272),
(107,'Location facile et rapide.','2024-12-17 15:11:00.000000',4,276),
(108,'Propriétaire réactif et sympa.','2024-03-02 12:38:00.000000',5,277),
(109,'Location facile et rapide.','2024-11-05 09:12:00.000000',5,279),
(110,'Excellent état, je recommande.','2024-01-13 20:47:00.000000',4,284),
(111,'Propriétaire réactif et sympa.','2024-01-10 10:14:00.000000',3,287),
(112,'Location facile et rapide.','2024-10-28 15:14:00.000000',3,289),
(113,'Excellent état, je recommande.','2024-02-04 10:08:00.000000',3,294),
(114,'Location facile et rapide.','2024-10-19 08:28:00.000000',4,296),
(115,'Vélo électrique génial, grande autonomie.','2024-12-14 08:45:00.000000',5,300);

INSERT INTO `claims` (`id`,`created_at`,`message`,`status`,`reservation_id`,`claimant_role`,`response`,`response_at`) VALUES
(1,'2024-04-05 08:35:00.000000','Retard de restitution','OPEN',175,'RENTER',NULL,NULL),
(2,'2024-07-07 16:39:00.000000','Vélo rendu avec une crevaison','OPEN',115,'OWNER',NULL,NULL),
(3,'2024-10-24 17:17:00.000000','Vélo rendu avec une crevaison','OPEN',117,'RENTER',NULL,NULL),
(4,'2024-04-28 14:14:00.000000','Désaccord sur la caution','IN_REVIEW',255,'OWNER',NULL,NULL),
(5,'2024-03-06 11:17:00.000000','Retard de restitution','OPEN',15,'OWNER',NULL,NULL),
(6,'2024-11-10 14:37:00.000000','Retard de restitution','IN_REVIEW',179,'RENTER',NULL,NULL),
(7,'2024-04-04 09:26:00.000000','Retard de restitution','IN_REVIEW',235,'RENTER',NULL,NULL),
(8,'2024-12-13 17:48:00.000000','Désaccord sur la caution','OPEN',61,'RENTER',NULL,NULL),
(9,'2024-05-07 18:31:00.000000','Antivol manquant au retour','RESOLVED',292,'RENTER','Litige clôturé à l\'amiable.','2024-06-01 12:00:00.000000'),
(10,'2024-09-20 14:53:00.000000','Vélo non conforme à l\'annonce','RESOLVED',273,'RENTER','Remboursement partiel accordé.','2024-06-05 12:00:00.000000'),
(11,'2024-02-20 19:43:00.000000','Annulation tardive','OPEN',66,'RENTER',NULL,NULL),
(12,'2024-07-07 11:20:00.000000','Rayure constatée sur le cadre','IN_REVIEW',91,'RENTER',NULL,NULL),
(13,'2024-04-23 12:57:00.000000','Désaccord sur la caution','IN_REVIEW',263,'OWNER',NULL,NULL),
(14,'2024-08-01 18:59:00.000000','Annulation tardive','RESOLVED',204,'OWNER','Dossier traité, caution ajustée.','2024-08-23 12:00:00.000000'),
(15,'2024-01-13 17:22:00.000000','Vélo rendu avec une crevaison','IN_REVIEW',259,'RENTER',NULL,NULL),
(16,'2024-08-14 19:28:00.000000','Antivol manquant au retour','OPEN',165,'RENTER',NULL,NULL),
(17,'2024-05-12 11:17:00.000000','Antivol manquant au retour','IN_REVIEW',151,'RENTER',NULL,NULL),
(18,'2024-03-06 11:54:00.000000','Antivol manquant au retour','OPEN',97,'OWNER',NULL,NULL),
(19,'2024-06-02 20:14:00.000000','Vélo non conforme à l\'annonce','RESOLVED',127,'OWNER','Remboursement partiel accordé.','2024-02-20 12:00:00.000000'),
(20,'2024-09-02 12:05:00.000000','Retard de restitution','IN_REVIEW',190,'RENTER',NULL,NULL),
(21,'2024-05-05 14:17:00.000000','Antivol manquant au retour','OPEN',14,'OWNER',NULL,NULL),
(22,'2024-05-06 16:04:00.000000','Désaccord sur la caution','OPEN',199,'OWNER',NULL,NULL),
(23,'2024-01-19 18:50:00.000000','Désaccord sur la caution','IN_REVIEW',242,'OWNER',NULL,NULL),
(24,'2024-08-14 10:15:00.000000','Désaccord sur la caution','OPEN',57,'OWNER',NULL,NULL),
(25,'2024-12-03 09:49:00.000000','Annulation tardive','IN_REVIEW',231,'OWNER',NULL,NULL),
(26,'2024-03-18 09:49:00.000000','Retard de restitution','RESOLVED',80,'RENTER','Litige clôturé à l\'amiable.','2024-12-06 12:00:00.000000'),
(27,'2024-09-06 11:50:00.000000','Annulation tardive','IN_REVIEW',159,'OWNER',NULL,NULL),
(28,'2024-03-25 12:32:00.000000','Vélo rendu avec une crevaison','RESOLVED',56,'OWNER',NULL,NULL),
(29,'2024-07-05 10:03:00.000000','Annulation tardive','OPEN',249,'RENTER',NULL,NULL),
(30,'2024-03-08 17:53:00.000000','Antivol manquant au retour','RESOLVED',228,'RENTER','Litige clôturé à l\'amiable.','2024-08-08 12:00:00.000000'),
(31,'2024-03-23 09:45:00.000000','Vélo non conforme à l\'annonce','OPEN',2,'OWNER',NULL,NULL),
(32,'2024-10-25 08:04:00.000000','Vélo rendu avec une crevaison','OPEN',274,'RENTER',NULL,NULL),
(33,'2024-05-15 16:51:00.000000','Désaccord sur la caution','RESOLVED',296,'RENTER',NULL,NULL),
(34,'2024-09-24 14:56:00.000000','Rayure constatée sur le cadre','RESOLVED',140,'RENTER',NULL,NULL),
(35,'2024-10-19 19:53:00.000000','Désaccord sur la caution','IN_REVIEW',12,'RENTER',NULL,NULL),
(36,'2024-07-06 16:54:00.000000','Annulation tardive','OPEN',9,'RENTER',NULL,NULL),
(37,'2024-01-07 09:38:00.000000','Vélo rendu avec une crevaison','IN_REVIEW',169,'RENTER',NULL,NULL),
(38,'2024-10-14 14:24:00.000000','Vélo rendu avec une crevaison','IN_REVIEW',266,'RENTER',NULL,NULL),
(39,'2024-06-16 11:48:00.000000','Antivol manquant au retour','OPEN',168,'OWNER',NULL,NULL),
(40,'2024-11-25 10:28:00.000000','Retard de restitution','RESOLVED',46,'OWNER','Litige clôturé à l\'amiable.','2024-07-08 12:00:00.000000');
INSERT INTO `claims` (`id`,`created_at`,`message`,`status`,`reservation_id`,`claimant_role`,`response`,`response_at`) VALUES
(41,'2024-01-08 15:16:00.000000','Antivol manquant au retour','IN_REVIEW',257,'RENTER',NULL,NULL),
(42,'2024-12-15 13:56:00.000000','Retard de restitution','IN_REVIEW',256,'OWNER',NULL,NULL),
(43,'2024-07-02 11:09:00.000000','Rayure constatée sur le cadre','IN_REVIEW',39,'OWNER',NULL,NULL),
(44,'2024-01-12 15:58:00.000000','Vélo rendu avec une crevaison','RESOLVED',258,'RENTER',NULL,NULL),
(45,'2024-10-10 13:52:00.000000','Annulation tardive','OPEN',178,'RENTER',NULL,NULL),
(46,'2024-08-03 13:21:00.000000','Désaccord sur la caution','IN_REVIEW',28,'OWNER',NULL,NULL),
(47,'2024-03-01 09:09:00.000000','Vélo rendu avec une crevaison','OPEN',4,'RENTER',NULL,NULL),
(48,'2024-09-07 18:33:00.000000','Antivol manquant au retour','OPEN',54,'RENTER',NULL,NULL),
(49,'2024-07-11 20:39:00.000000','Désaccord sur la caution','IN_REVIEW',113,'RENTER',NULL,NULL),
(50,'2024-06-10 13:03:00.000000','Annulation tardive','IN_REVIEW',114,'OWNER',NULL,NULL),
(51,'2024-08-14 20:32:00.000000','Vélo non conforme à l\'annonce','RESOLVED',37,'OWNER',NULL,NULL),
(52,'2024-12-19 16:04:00.000000','Rayure constatée sur le cadre','IN_REVIEW',202,'OWNER',NULL,NULL),
(53,'2024-11-23 15:46:00.000000','Retard de restitution','OPEN',108,'RENTER',NULL,NULL),
(54,'2024-04-03 17:24:00.000000','Retard de restitution','IN_REVIEW',183,'RENTER',NULL,NULL),
(55,'2024-01-02 12:00:00.000000','Antivol manquant au retour','OPEN',181,'OWNER',NULL,NULL),
(56,'2024-10-07 14:51:00.000000','Désaccord sur la caution','IN_REVIEW',118,'OWNER',NULL,NULL),
(57,'2024-10-09 11:00:00.000000','Annulation tardive','OPEN',30,'OWNER',NULL,NULL),
(58,'2024-01-09 19:30:00.000000','Antivol manquant au retour','OPEN',110,'OWNER',NULL,NULL),
(59,'2024-03-22 15:07:00.000000','Annulation tardive','RESOLVED',155,'OWNER',NULL,NULL),
(60,'2024-06-20 19:23:00.000000','Désaccord sur la caution','IN_REVIEW',94,'RENTER',NULL,NULL),
(61,'2024-09-18 19:21:00.000000','Annulation tardive','RESOLVED',52,'RENTER','Remboursement partiel accordé.','2024-11-22 12:00:00.000000'),
(62,'2024-12-19 16:43:00.000000','Vélo rendu avec une crevaison','RESOLVED',299,'RENTER','Remboursement partiel accordé.','2024-04-27 12:00:00.000000'),
(63,'2024-07-16 12:21:00.000000','Vélo non conforme à l\'annonce','IN_REVIEW',5,'RENTER',NULL,NULL),
(64,'2024-07-02 17:19:00.000000','Annulation tardive','OPEN',1,'RENTER',NULL,NULL),
(65,'2024-03-18 11:54:00.000000','Antivol manquant au retour','OPEN',187,'OWNER',NULL,NULL),
(66,'2024-03-04 19:34:00.000000','Vélo non conforme à l\'annonce','IN_REVIEW',173,'RENTER',NULL,NULL),
(67,'2024-07-14 17:21:00.000000','Retard de restitution','OPEN',90,'RENTER',NULL,NULL),
(68,'2024-03-20 15:59:00.000000','Vélo rendu avec une crevaison','IN_REVIEW',98,'OWNER',NULL,NULL),
(69,'2024-07-13 14:09:00.000000','Vélo rendu avec une crevaison','IN_REVIEW',10,'RENTER',NULL,NULL),
(70,'2024-06-12 09:19:00.000000','Antivol manquant au retour','IN_REVIEW',185,'OWNER',NULL,NULL),
(71,'2024-07-19 11:25:00.000000','Rayure constatée sur le cadre','OPEN',268,'RENTER',NULL,NULL),
(72,'2024-04-20 20:10:00.000000','Désaccord sur la caution','OPEN',130,'RENTER',NULL,NULL),
(73,'2024-06-19 14:54:00.000000','Vélo rendu avec une crevaison','OPEN',250,'OWNER',NULL,NULL),
(74,'2024-02-26 19:00:00.000000','Antivol manquant au retour','RESOLVED',225,'OWNER',NULL,NULL),
(75,'2024-02-26 20:44:00.000000','Vélo rendu avec une crevaison','OPEN',73,'OWNER',NULL,NULL),
(76,'2024-08-06 08:08:00.000000','Vélo non conforme à l\'annonce','IN_REVIEW',270,'RENTER',NULL,NULL),
(77,'2024-11-27 19:22:00.000000','Retard de restitution','OPEN',129,'OWNER',NULL,NULL),
(78,'2024-05-11 09:02:00.000000','Désaccord sur la caution','OPEN',51,'OWNER',NULL,NULL),
(79,'2024-01-27 11:50:00.000000','Annulation tardive','IN_REVIEW',120,'OWNER',NULL,NULL),
(80,'2024-08-04 12:37:00.000000','Vélo rendu avec une crevaison','RESOLVED',48,'RENTER',NULL,NULL);
INSERT INTO `claims` (`id`,`created_at`,`message`,`status`,`reservation_id`,`claimant_role`,`response`,`response_at`) VALUES
(81,'2024-10-10 10:04:00.000000','Annulation tardive','RESOLVED',209,'RENTER','Litige clôturé à l\'amiable.','2024-03-21 12:00:00.000000'),
(82,'2024-12-17 09:31:00.000000','Annulation tardive','RESOLVED',294,'OWNER','Litige clôturé à l\'amiable.','2024-01-13 12:00:00.000000'),
(83,'2024-06-22 10:44:00.000000','Rayure constatée sur le cadre','IN_REVIEW',44,'RENTER',NULL,NULL),
(84,'2024-09-10 12:41:00.000000','Annulation tardive','IN_REVIEW',109,'RENTER',NULL,NULL),
(85,'2024-04-26 12:42:00.000000','Retard de restitution','OPEN',188,'RENTER',NULL,NULL),
(86,'2024-08-05 19:09:00.000000','Vélo rendu avec une crevaison','OPEN',162,'OWNER',NULL,NULL),
(87,'2024-10-04 10:06:00.000000','Retard de restitution','OPEN',32,'RENTER',NULL,NULL),
(88,'2024-12-03 12:49:00.000000','Vélo non conforme à l\'annonce','RESOLVED',285,'RENTER','Litige clôturé à l\'amiable.','2024-10-08 12:00:00.000000'),
(89,'2024-08-14 14:07:00.000000','Vélo rendu avec une crevaison','RESOLVED',264,'RENTER','Remboursement partiel accordé.','2024-08-21 12:00:00.000000'),
(90,'2024-06-06 14:12:00.000000','Vélo rendu avec une crevaison','OPEN',200,'RENTER',NULL,NULL),
(91,'2024-01-27 20:16:00.000000','Annulation tardive','OPEN',23,'RENTER',NULL,NULL),
(92,'2024-08-15 18:25:00.000000','Retard de restitution','IN_REVIEW',211,'RENTER',NULL,NULL),
(93,'2024-06-24 19:27:00.000000','Annulation tardive','RESOLVED',75,'RENTER','Remboursement partiel accordé.','2024-01-28 12:00:00.000000'),
(94,'2024-03-09 14:05:00.000000','Retard de restitution','IN_REVIEW',267,'RENTER',NULL,NULL),
(95,'2024-01-05 11:32:00.000000','Retard de restitution','IN_REVIEW',27,'RENTER',NULL,NULL),
(96,'2024-12-06 14:02:00.000000','Annulation tardive','RESOLVED',42,'OWNER','Litige clôturé à l\'amiable.','2024-12-11 12:00:00.000000'),
(97,'2024-10-12 13:00:00.000000','Annulation tardive','IN_REVIEW',281,'OWNER',NULL,NULL),
(98,'2024-09-07 11:09:00.000000','Rayure constatée sur le cadre','RESOLVED',254,'RENTER',NULL,NULL),
(99,'2024-09-13 16:37:00.000000','Annulation tardive','IN_REVIEW',92,'OWNER',NULL,NULL),
(100,'2024-12-26 08:29:00.000000','Vélo rendu avec une crevaison','RESOLVED',47,'RENTER',NULL,NULL),
(101,'2024-05-11 08:26:00.000000','Annulation tardive','IN_REVIEW',216,'OWNER',NULL,NULL),
(102,'2024-07-15 17:36:00.000000','Annulation tardive','IN_REVIEW',141,'OWNER',NULL,NULL),
(103,'2024-10-08 15:16:00.000000','Désaccord sur la caution','RESOLVED',112,'RENTER','Dossier traité, caution ajustée.','2024-04-22 12:00:00.000000'),
(104,'2024-05-13 12:00:00.000000','Retard de restitution','OPEN',164,'OWNER',NULL,NULL),
(105,'2024-08-08 14:00:00.000000','Vélo rendu avec une crevaison','OPEN',89,'RENTER',NULL,NULL),
(106,'2024-05-18 16:26:00.000000','Vélo rendu avec une crevaison','RESOLVED',293,'OWNER','Litige clôturé à l\'amiable.','2024-10-22 12:00:00.000000'),
(107,'2024-08-19 11:34:00.000000','Annulation tardive','OPEN',103,'RENTER',NULL,NULL),
(108,'2024-04-13 16:46:00.000000','Désaccord sur la caution','OPEN',297,'RENTER',NULL,NULL),
(109,'2024-11-07 08:43:00.000000','Rayure constatée sur le cadre','OPEN',160,'RENTER',NULL,NULL),
(110,'2024-11-08 15:01:00.000000','Vélo non conforme à l\'annonce','OPEN',153,'OWNER',NULL,NULL);

INSERT INTO `notifications` (`id`,`created_at`,`message`,`type`,`bike_id`,`from_user_id`,`to_user_id`,`is_read`) VALUES
(1,'2024-05-22 12:26:00.000000','Votre vélo a été approuvé','MESSAGE',94,34,11,1),
(2,'2024-05-10 16:44:00.000000','Réservation confirmée','RESERVATION',94,21,11,1),
(3,'2024-01-08 09:49:00.000000','Paiement reçu','MESSAGE',20,112,41,0),
(4,'2024-02-17 20:53:00.000000','Rappel : location demain','SYSTEM',15,98,67,0),
(5,'2024-05-26 09:22:00.000000','Évaluation reçue','MESSAGE',16,75,62,0),
(6,'2024-05-24 08:58:00.000000','Réservation confirmée','RESERVATION',50,104,96,0),
(7,'2024-09-27 19:34:00.000000','Évaluation reçue','RESERVATION',21,19,1,1),
(8,'2024-07-04 20:32:00.000000','Votre vélo a été approuvé','MESSAGE',44,110,100,0),
(9,'2024-08-25 17:47:00.000000','Nouveau message reçu','EVALUATION',22,14,25,0),
(10,'2024-06-21 13:12:00.000000','Nouvelle demande de réservation','EVALUATION',72,99,96,0),
(11,'2024-01-22 13:41:00.000000','Nouvelle demande de réservation','PAYMENT',25,85,1,1),
(12,'2024-02-20 16:35:00.000000','Réservation annulée','EVALUATION',111,60,30,0),
(13,'2024-12-25 13:07:00.000000','Nouvelle demande de réservation','PAYMENT',64,76,71,0),
(14,'2024-07-10 08:54:00.000000','Paiement reçu','MESSAGE',32,2,40,1),
(15,'2024-03-09 13:54:00.000000','Réservation confirmée','SYSTEM',90,11,34,1),
(16,'2024-12-10 14:01:00.000000','Paiement reçu','PAYMENT',47,10,97,1),
(17,'2024-03-17 17:38:00.000000','Évaluation reçue','RESERVATION',24,92,77,0),
(18,'2024-06-04 10:36:00.000000','Réservation confirmée','MESSAGE',13,92,34,1),
(19,'2024-09-25 16:58:00.000000','Paiement reçu','SYSTEM',7,36,52,0),
(20,'2024-01-10 14:05:00.000000','Paiement reçu','RESERVATION',85,39,13,0),
(21,'2024-10-01 09:57:00.000000','Rappel : location demain','PAYMENT',18,9,75,1),
(22,'2024-03-19 16:57:00.000000','Réservation confirmée','PAYMENT',52,70,38,0),
(23,'2024-10-23 09:40:00.000000','Rappel : location demain','MESSAGE',22,14,24,0),
(24,'2024-12-27 18:32:00.000000','Votre vélo a été approuvé','RESERVATION',94,91,11,1),
(25,'2024-10-26 19:49:00.000000','Rappel : location demain','SYSTEM',88,84,67,0),
(26,'2024-10-22 14:12:00.000000','Paiement reçu','PAYMENT',31,8,34,0),
(27,'2024-07-19 12:17:00.000000','Réservation confirmée','EVALUATION',18,75,52,1),
(28,'2024-01-04 14:37:00.000000','Paiement reçu','MESSAGE',33,11,83,1),
(29,'2024-10-04 18:15:00.000000','Nouvelle demande de réservation','MESSAGE',74,57,24,1),
(30,'2024-02-22 14:08:00.000000','Paiement reçu','RESERVATION',32,96,2,0),
(31,'2024-12-04 19:00:00.000000','Évaluation reçue','MESSAGE',74,57,1,1),
(32,'2024-11-26 09:55:00.000000','Votre vélo a été approuvé','EVALUATION',58,19,34,1),
(33,'2024-08-22 11:54:00.000000','Nouveau message reçu','EVALUATION',85,39,67,0),
(34,'2024-11-08 15:31:00.000000','Votre vélo a été approuvé','RESERVATION',46,24,25,0),
(35,'2024-03-02 20:56:00.000000','Rappel : location demain','SYSTEM',33,1,11,0),
(36,'2024-05-05 12:17:00.000000','Nouvelle demande de réservation','EVALUATION',38,27,71,1),
(37,'2024-10-15 13:19:00.000000','Rappel : location demain','MESSAGE',101,83,98,0),
(38,'2024-08-13 12:10:00.000000','Rappel : location demain','MESSAGE',89,111,96,1),
(39,'2024-08-13 11:35:00.000000','Réservation annulée','RESERVATION',3,100,104,1),
(40,'2024-05-23 09:17:00.000000','Paiement reçu','EVALUATION',35,93,43,0);
INSERT INTO `notifications` (`id`,`created_at`,`message`,`type`,`bike_id`,`from_user_id`,`to_user_id`,`is_read`) VALUES
(41,'2024-02-08 12:16:00.000000','Réservation annulée','EVALUATION',3,104,9,0),
(42,'2024-01-11 20:44:00.000000','Votre vélo a été approuvé','SYSTEM',68,1,67,0),
(43,'2024-03-04 19:19:00.000000','Votre vélo a été approuvé','PAYMENT',44,1,100,0),
(44,'2024-04-21 14:42:00.000000','Évaluation reçue','RESERVATION',90,103,11,0),
(45,'2024-04-11 08:54:00.000000','Rappel : location demain','MESSAGE',49,99,61,1),
(46,'2024-07-18 08:44:00.000000','Réservation annulée','MESSAGE',69,43,33,1),
(47,'2024-08-14 16:47:00.000000','Rappel : location demain','MESSAGE',53,111,39,1),
(48,'2024-06-04 08:16:00.000000','Votre vélo a été approuvé','RESERVATION',29,95,24,1),
(49,'2024-08-07 09:21:00.000000','Réservation confirmée','RESERVATION',36,6,83,0),
(50,'2024-09-24 18:48:00.000000','Rappel : location demain','PAYMENT',104,85,33,1),
(51,'2024-12-24 08:59:00.000000','Nouveau message reçu','EVALUATION',70,49,22,0),
(52,'2024-09-19 11:59:00.000000','Nouvelle demande de réservation','EVALUATION',114,43,38,1),
(53,'2024-08-18 19:10:00.000000','Réservation confirmée','SYSTEM',90,11,45,1),
(54,'2024-03-27 10:14:00.000000','Réservation annulée','MESSAGE',3,86,104,0),
(55,'2024-05-15 08:42:00.000000','Réservation annulée','RESERVATION',106,27,119,1),
(56,'2024-04-12 18:48:00.000000','Paiement reçu','EVALUATION',16,75,93,0),
(57,'2024-03-16 14:00:00.000000','Nouvelle demande de réservation','SYSTEM',20,89,41,1),
(58,'2024-07-04 09:48:00.000000','Réservation confirmée','MESSAGE',23,22,88,1),
(59,'2024-12-27 10:17:00.000000','Évaluation reçue','EVALUATION',54,14,116,0),
(60,'2024-09-22 17:13:00.000000','Votre vélo a été approuvé','MESSAGE',21,1,107,0),
(61,'2024-05-11 12:38:00.000000','Nouvelle demande de réservation','MESSAGE',79,61,108,1),
(62,'2024-08-03 17:07:00.000000','Réservation annulée','RESERVATION',52,38,49,0),
(63,'2024-02-18 15:25:00.000000','Réservation annulée','RESERVATION',30,117,95,0),
(64,'2024-04-26 10:15:00.000000','Réservation confirmée','MESSAGE',67,106,24,0),
(65,'2024-09-18 09:16:00.000000','Réservation annulée','MESSAGE',69,71,33,1),
(66,'2024-04-05 20:50:00.000000','Réservation confirmée','SYSTEM',6,55,20,1),
(67,'2024-07-24 18:34:00.000000','Évaluation reçue','EVALUATION',19,80,112,1),
(68,'2024-06-01 08:48:00.000000','Nouvelle demande de réservation','RESERVATION',22,88,14,1),
(69,'2024-02-11 10:48:00.000000','Réservation confirmée','RESERVATION',111,30,104,0),
(70,'2024-02-15 20:57:00.000000','Évaluation reçue','RESERVATION',89,25,96,1),
(71,'2024-10-01 19:09:00.000000','Évaluation reçue','EVALUATION',101,83,81,0),
(72,'2024-09-21 12:48:00.000000','Réservation annulée','RESERVATION',87,79,15,1),
(73,'2024-11-19 16:30:00.000000','Réservation confirmée','MESSAGE',70,105,49,1),
(74,'2024-09-20 20:02:00.000000','Rappel : location demain','RESERVATION',23,22,106,1),
(75,'2024-01-20 08:00:00.000000','Nouveau message reçu','EVALUATION',65,56,77,0),
(76,'2024-06-24 16:17:00.000000','Votre vélo a été approuvé','EVALUATION',45,82,1,1),
(77,'2024-03-26 12:32:00.000000','Évaluation reçue','PAYMENT',73,16,12,1),
(78,'2024-03-26 17:24:00.000000','Nouvelle demande de réservation','EVALUATION',85,7,39,0),
(79,'2024-07-20 17:35:00.000000','Évaluation reçue','RESERVATION',7,53,52,1),
(80,'2024-09-06 10:04:00.000000','Nouvelle demande de réservation','RESERVATION',99,82,80,1);
INSERT INTO `notifications` (`id`,`created_at`,`message`,`type`,`bike_id`,`from_user_id`,`to_user_id`,`is_read`) VALUES
(81,'2024-09-04 16:58:00.000000','Nouvelle demande de réservation','PAYMENT',111,51,30,1),
(82,'2024-11-06 16:30:00.000000','Nouveau message reçu','SYSTEM',81,94,98,1),
(83,'2024-04-17 18:04:00.000000','Nouveau message reçu','MESSAGE',25,85,49,1),
(84,'2024-07-20 18:18:00.000000','Paiement reçu','EVALUATION',87,9,79,0),
(85,'2024-07-25 19:08:00.000000','Votre vélo a été approuvé','MESSAGE',39,21,54,1),
(86,'2024-05-03 15:55:00.000000','Votre vélo a été approuvé','PAYMENT',14,72,40,1),
(87,'2024-06-25 12:55:00.000000','Réservation annulée','EVALUATION',81,50,98,0),
(88,'2024-06-11 16:43:00.000000','Nouveau message reçu','RESERVATION',101,83,30,1),
(89,'2024-05-14 20:17:00.000000','Nouvelle demande de réservation','MESSAGE',86,11,53,0),
(90,'2024-09-23 16:33:00.000000','Paiement reçu','PAYMENT',94,14,11,1),
(91,'2024-12-02 18:44:00.000000','Paiement reçu','RESERVATION',93,18,99,1),
(92,'2024-04-07 20:52:00.000000','Paiement reçu','SYSTEM',110,38,67,1),
(93,'2024-07-24 11:51:00.000000','Réservation confirmée','RESERVATION',41,113,114,1),
(94,'2024-08-24 20:07:00.000000','Nouveau message reçu','MESSAGE',13,77,92,1),
(95,'2024-04-16 11:08:00.000000','Évaluation reçue','MESSAGE',76,29,12,1),
(96,'2024-01-24 09:05:00.000000','Rappel : location demain','PAYMENT',6,113,20,0),
(97,'2024-09-28 14:49:00.000000','Nouvelle demande de réservation','RESERVATION',50,13,96,1),
(98,'2024-01-26 08:37:00.000000','Votre vélo a été approuvé','RESERVATION',117,24,119,1),
(99,'2024-09-01 11:44:00.000000','Rappel : location demain','EVALUATION',71,97,17,1),
(100,'2024-10-04 19:58:00.000000','Nouvelle demande de réservation','SYSTEM',34,94,5,1),
(101,'2024-10-26 13:08:00.000000','Réservation confirmée','PAYMENT',88,28,84,0),
(102,'2024-09-21 20:36:00.000000','Paiement reçu','MESSAGE',78,82,10,1),
(103,'2024-06-27 08:37:00.000000','Votre vélo a été approuvé','MESSAGE',30,117,51,1),
(104,'2024-04-20 17:32:00.000000','Nouveau message reçu','EVALUATION',22,14,105,1),
(105,'2024-02-03 12:59:00.000000','Paiement reçu','MESSAGE',36,43,6,1),
(106,'2024-12-02 13:40:00.000000','Évaluation reçue','MESSAGE',67,69,106,1),
(107,'2024-07-26 19:02:00.000000','Réservation confirmée','RESERVATION',64,120,76,1),
(108,'2024-01-02 11:55:00.000000','Nouveau message reçu','PAYMENT',96,17,30,0),
(109,'2024-02-27 20:01:00.000000','Rappel : location demain','RESERVATION',50,96,51,1),
(110,'2024-03-25 11:16:00.000000','Évaluation reçue','RESERVATION',42,96,89,0),
(111,'2024-03-14 17:06:00.000000','Rappel : location demain','EVALUATION',105,23,56,1),
(112,'2024-03-20 11:33:00.000000','Paiement reçu','RESERVATION',98,26,72,0),
(113,'2024-09-01 20:33:00.000000','Nouveau message reçu','PAYMENT',15,31,67,0),
(114,'2024-11-18 19:57:00.000000','Votre vélo a été approuvé','RESERVATION',39,31,54,1),
(115,'2024-10-24 09:03:00.000000','Évaluation reçue','EVALUATION',28,55,30,1),
(116,'2024-01-17 13:36:00.000000','Réservation confirmée','PAYMENT',89,89,96,1),
(117,'2024-01-23 15:16:00.000000','Réservation annulée','EVALUATION',37,74,92,1),
(118,'2024-10-21 14:49:00.000000','Votre vélo a été approuvé','PAYMENT',97,100,77,0),
(119,'2024-10-24 19:43:00.000000','Rappel : location demain','RESERVATION',107,10,71,0),
(120,'2024-09-26 13:37:00.000000','Nouveau message reçu','MESSAGE',114,67,38,1);
INSERT INTO `notifications` (`id`,`created_at`,`message`,`type`,`bike_id`,`from_user_id`,`to_user_id`,`is_read`) VALUES
(121,'2024-01-25 16:56:00.000000','Nouveau message reçu','MESSAGE',43,73,119,1),
(122,'2024-04-10 20:09:00.000000','Votre vélo a été approuvé','EVALUATION',114,25,38,0),
(123,'2024-01-14 17:44:00.000000','Rappel : location demain','MESSAGE',73,12,72,1),
(124,'2024-07-01 18:28:00.000000','Nouveau message reçu','PAYMENT',51,82,58,1),
(125,'2024-10-08 13:42:00.000000','Évaluation reçue','MESSAGE',72,93,96,0),
(126,'2024-09-25 08:53:00.000000','Paiement reçu','RESERVATION',116,67,55,0),
(127,'2024-11-04 10:57:00.000000','Votre vélo a été approuvé','PAYMENT',115,62,45,0),
(128,'2024-03-13 17:48:00.000000','Réservation annulée','EVALUATION',4,65,71,1),
(129,'2024-09-13 17:24:00.000000','Réservation confirmée','MESSAGE',85,35,39,1),
(130,'2024-07-04 18:53:00.000000','Réservation annulée','MESSAGE',2,72,24,0),
(131,'2024-06-25 09:16:00.000000','Paiement reçu','EVALUATION',104,68,85,0),
(132,'2024-05-28 16:17:00.000000','Nouvelle demande de réservation','RESERVATION',70,20,49,0),
(133,'2024-04-01 08:42:00.000000','Votre vélo a été approuvé','SYSTEM',107,22,10,0),
(134,'2024-02-02 09:53:00.000000','Votre vélo a été approuvé','SYSTEM',51,58,117,0),
(135,'2024-04-27 17:21:00.000000','Nouvelle demande de réservation','RESERVATION',26,10,107,0),
(136,'2024-10-21 12:05:00.000000','Réservation confirmée','PAYMENT',9,98,49,1),
(137,'2024-03-28 18:33:00.000000','Rappel : location demain','EVALUATION',7,59,52,1),
(138,'2024-06-08 18:17:00.000000','Rappel : location demain','EVALUATION',81,19,98,1),
(139,'2024-03-02 19:28:00.000000','Votre vélo a été approuvé','EVALUATION',57,77,18,0),
(140,'2024-06-01 16:51:00.000000','Rappel : location demain','EVALUATION',86,53,17,1),
(141,'2024-03-19 19:59:00.000000','Paiement reçu','RESERVATION',119,33,50,0),
(142,'2024-09-09 09:12:00.000000','Rappel : location demain','MESSAGE',51,58,120,1),
(143,'2024-06-12 19:59:00.000000','Évaluation reçue','EVALUATION',12,120,87,1),
(144,'2024-02-15 08:13:00.000000','Réservation annulée','RESERVATION',14,72,60,0),
(145,'2024-07-04 11:48:00.000000','Évaluation reçue','MESSAGE',11,78,45,1),
(146,'2024-06-13 09:12:00.000000','Réservation confirmée','SYSTEM',60,58,64,1),
(147,'2024-01-24 10:55:00.000000','Nouvelle demande de réservation','MESSAGE',38,40,71,1),
(148,'2024-01-27 09:27:00.000000','Nouvelle demande de réservation','MESSAGE',111,51,30,1),
(149,'2024-02-13 15:34:00.000000','Réservation annulée','EVALUATION',58,34,27,1),
(150,'2024-09-06 10:04:00.000000','Réservation annulée','RESERVATION',95,102,80,1),
(151,'2024-10-18 10:06:00.000000','Paiement reçu','SYSTEM',113,7,63,0),
(152,'2024-09-11 19:53:00.000000','Rappel : location demain','MESSAGE',120,54,111,1),
(153,'2024-04-28 16:15:00.000000','Réservation annulée','SYSTEM',98,26,55,0),
(154,'2024-06-08 17:48:00.000000','Nouvelle demande de réservation','EVALUATION',88,41,84,1),
(155,'2024-12-21 14:25:00.000000','Réservation confirmée','EVALUATION',101,83,90,0),
(156,'2024-08-08 14:33:00.000000','Réservation annulée','RESERVATION',62,90,47,0),
(157,'2024-09-05 09:42:00.000000','Réservation annulée','MESSAGE',47,98,97,0),
(158,'2024-03-03 14:43:00.000000','Évaluation reçue','RESERVATION',81,45,98,0),
(159,'2024-08-04 18:16:00.000000','Réservation annulée','RESERVATION',100,2,43,1),
(160,'2024-03-03 17:08:00.000000','Votre vélo a été approuvé','EVALUATION',67,106,84,1);
INSERT INTO `notifications` (`id`,`created_at`,`message`,`type`,`bike_id`,`from_user_id`,`to_user_id`,`is_read`) VALUES
(161,'2024-09-19 16:49:00.000000','Nouveau message reçu','EVALUATION',97,100,77,0),
(162,'2024-09-28 08:10:00.000000','Nouvelle demande de réservation','PAYMENT',80,108,78,1),
(163,'2024-12-24 11:42:00.000000','Votre vélo a été approuvé','SYSTEM',103,58,5,0),
(164,'2024-05-21 10:19:00.000000','Évaluation reçue','SYSTEM',92,89,47,0),
(165,'2024-11-03 12:22:00.000000','Rappel : location demain','RESERVATION',66,77,71,1),
(166,'2024-06-06 11:57:00.000000','Rappel : location demain','EVALUATION',89,84,96,1),
(167,'2024-11-06 08:59:00.000000','Paiement reçu','EVALUATION',62,47,26,0),
(168,'2024-02-24 18:42:00.000000','Rappel : location demain','SYSTEM',100,2,10,0),
(169,'2024-03-28 17:36:00.000000','Rappel : location demain','MESSAGE',69,64,33,0),
(170,'2024-09-19 11:31:00.000000','Nouvelle demande de réservation','SYSTEM',108,107,114,0),
(171,'2024-07-21 10:43:00.000000','Nouveau message reçu','PAYMENT',41,113,88,0),
(172,'2024-01-22 13:48:00.000000','Votre vélo a été approuvé','SYSTEM',7,90,52,0),
(173,'2024-01-01 18:07:00.000000','Réservation annulée','PAYMENT',43,88,119,1),
(174,'2024-03-17 14:29:00.000000','Nouveau message reçu','MESSAGE',110,48,67,1),
(175,'2024-05-06 18:15:00.000000','Réservation annulée','SYSTEM',46,24,106,0),
(176,'2024-07-27 11:55:00.000000','Réservation confirmée','PAYMENT',95,80,74,0),
(177,'2024-11-22 13:11:00.000000','Évaluation reçue','EVALUATION',52,22,38,1),
(178,'2024-07-06 17:10:00.000000','Nouveau message reçu','MESSAGE',23,22,117,1),
(179,'2024-11-12 09:14:00.000000','Réservation confirmée','SYSTEM',44,100,68,0),
(180,'2024-01-21 15:33:00.000000','Votre vélo a été approuvé','SYSTEM',91,51,60,1),
(181,'2024-08-25 18:18:00.000000','Nouveau message reçu','RESERVATION',42,89,3,0),
(182,'2024-02-22 16:52:00.000000','Réservation confirmée','EVALUATION',25,85,40,1),
(183,'2024-04-17 19:21:00.000000','Paiement reçu','RESERVATION',77,62,89,1),
(184,'2024-07-10 09:20:00.000000','Réservation confirmée','PAYMENT',12,108,87,1),
(185,'2024-04-24 10:23:00.000000','Nouveau message reçu','EVALUATION',106,42,119,0),
(186,'2024-09-04 11:51:00.000000','Évaluation reçue','RESERVATION',61,67,94,1),
(187,'2024-03-23 18:51:00.000000','Réservation confirmée','RESERVATION',3,80,104,1),
(188,'2024-07-20 16:07:00.000000','Rappel : location demain','SYSTEM',100,46,2,0),
(189,'2024-03-25 15:00:00.000000','Réservation annulée','MESSAGE',8,110,78,1),
(190,'2024-06-13 10:56:00.000000','Évaluation reçue','SYSTEM',109,106,66,1),
(191,'2024-07-14 08:20:00.000000','Votre vélo a été approuvé','EVALUATION',104,85,117,0),
(192,'2024-03-05 15:45:00.000000','Évaluation reçue','PAYMENT',69,57,33,1),
(193,'2024-10-14 13:50:00.000000','Paiement reçu','MESSAGE',70,81,49,0),
(194,'2024-10-04 09:51:00.000000','Évaluation reçue','RESERVATION',65,17,77,0),
(195,'2024-01-02 10:51:00.000000','Nouveau message reçu','SYSTEM',18,75,120,1),
(196,'2024-04-05 18:56:00.000000','Réservation confirmée','PAYMENT',83,113,61,0),
(197,'2024-01-11 13:30:00.000000','Nouveau message reçu','EVALUATION',112,41,5,1),
(198,'2024-02-10 12:18:00.000000','Votre vélo a été approuvé','EVALUATION',72,95,96,0),
(199,'2024-08-05 15:54:00.000000','Nouveau message reçu','EVALUATION',76,29,80,0),
(200,'2024-08-24 12:41:00.000000','Nouvelle demande de réservation','MESSAGE',58,34,116,1);
INSERT INTO `notifications` (`id`,`created_at`,`message`,`type`,`bike_id`,`from_user_id`,`to_user_id`,`is_read`) VALUES
(201,'2024-12-23 10:58:00.000000','Nouveau message reçu','RESERVATION',47,97,109,1),
(202,'2024-03-23 16:51:00.000000','Réservation annulée','MESSAGE',68,67,28,0),
(203,'2024-10-05 18:00:00.000000','Réservation confirmée','RESERVATION',108,9,114,0),
(204,'2024-02-17 11:26:00.000000','Réservation annulée','MESSAGE',49,95,99,1),
(205,'2024-01-18 10:49:00.000000','Réservation confirmée','EVALUATION',92,71,47,1),
(206,'2024-06-16 15:20:00.000000','Évaluation reçue','SYSTEM',23,101,22,1),
(207,'2024-07-05 17:02:00.000000','Réservation confirmée','SYSTEM',81,35,98,1),
(208,'2024-12-15 14:57:00.000000','Nouveau message reçu','RESERVATION',105,23,100,0),
(209,'2024-03-23 15:07:00.000000','Réservation annulée','RESERVATION',51,58,7,0),
(210,'2024-08-26 19:46:00.000000','Réservation annulée','RESERVATION',59,88,47,1),
(211,'2024-10-19 17:13:00.000000','Réservation annulée','RESERVATION',42,24,89,0),
(212,'2024-11-28 17:04:00.000000','Nouveau message reçu','SYSTEM',94,11,55,0),
(213,'2024-03-11 18:23:00.000000','Nouveau message reçu','SYSTEM',71,19,97,0),
(214,'2024-06-18 12:17:00.000000','Rappel : location demain','EVALUATION',110,67,115,1),
(215,'2024-04-06 20:25:00.000000','Nouvelle demande de réservation','SYSTEM',95,80,96,1),
(216,'2024-10-26 20:31:00.000000','Réservation confirmée','MESSAGE',43,119,34,0),
(217,'2024-10-15 08:11:00.000000','Rappel : location demain','RESERVATION',115,62,58,1),
(218,'2024-11-20 15:48:00.000000','Rappel : location demain','RESERVATION',21,8,1,1),
(219,'2024-06-05 17:35:00.000000','Nouveau message reçu','MESSAGE',28,55,63,0),
(220,'2024-02-05 20:23:00.000000','Nouvelle demande de réservation','SYSTEM',20,41,4,1),
(221,'2024-01-09 20:35:00.000000','Rappel : location demain','SYSTEM',25,23,85,1),
(222,'2024-08-12 18:13:00.000000','Évaluation reçue','SYSTEM',65,77,65,0),
(223,'2024-07-02 20:53:00.000000','Nouvelle demande de réservation','MESSAGE',46,24,31,0),
(224,'2024-04-13 18:05:00.000000','Évaluation reçue','RESERVATION',3,104,36,0),
(225,'2024-03-07 19:36:00.000000','Réservation confirmée','RESERVATION',59,9,47,0),
(226,'2024-03-25 19:37:00.000000','Nouvelle demande de réservation','RESERVATION',100,2,20,0),
(227,'2024-11-28 19:32:00.000000','Nouveau message reçu','RESERVATION',39,26,54,1),
(228,'2024-02-07 18:37:00.000000','Réservation confirmée','MESSAGE',74,57,54,1),
(229,'2024-12-05 09:13:00.000000','Rappel : location demain','EVALUATION',51,58,7,1),
(230,'2024-01-04 17:49:00.000000','Réservation confirmée','RESERVATION',60,58,97,0),
(231,'2024-03-06 08:07:00.000000','Nouvelle demande de réservation','EVALUATION',15,49,67,0),
(232,'2024-12-17 20:28:00.000000','Nouveau message reçu','SYSTEM',18,93,75,0),
(233,'2024-05-19 11:27:00.000000','Nouveau message reçu','SYSTEM',96,94,30,1),
(234,'2024-11-22 20:19:00.000000','Réservation confirmée','MESSAGE',2,85,24,0),
(235,'2024-02-03 12:01:00.000000','Votre vélo a été approuvé','SYSTEM',98,101,26,0),
(236,'2024-01-19 18:20:00.000000','Réservation annulée','SYSTEM',18,119,75,0),
(237,'2024-10-07 19:54:00.000000','Évaluation reçue','EVALUATION',37,49,92,1),
(238,'2024-12-24 18:00:00.000000','Nouveau message reçu','SYSTEM',108,102,114,0),
(239,'2024-12-19 15:52:00.000000','Réservation confirmée','MESSAGE',77,45,89,1),
(240,'2024-04-14 13:35:00.000000','Évaluation reçue','EVALUATION',59,16,47,1);
INSERT INTO `notifications` (`id`,`created_at`,`message`,`type`,`bike_id`,`from_user_id`,`to_user_id`,`is_read`) VALUES
(241,'2024-04-28 08:16:00.000000','Réservation annulée','RESERVATION',40,26,98,0),
(242,'2024-07-04 13:39:00.000000','Nouveau message reçu','SYSTEM',19,112,62,1),
(243,'2024-10-20 08:28:00.000000','Réservation confirmée','EVALUATION',64,36,76,0),
(244,'2024-07-08 10:08:00.000000','Réservation confirmée','PAYMENT',55,38,111,0),
(245,'2024-03-27 18:40:00.000000','Nouveau message reçu','PAYMENT',41,113,34,0),
(246,'2024-01-20 13:58:00.000000','Rappel : location demain','SYSTEM',5,32,41,0),
(247,'2024-06-14 20:19:00.000000','Évaluation reçue','EVALUATION',118,89,99,0),
(248,'2024-06-12 12:27:00.000000','Nouveau message reçu','PAYMENT',76,29,87,0),
(249,'2024-05-15 14:00:00.000000','Nouvelle demande de réservation','RESERVATION',62,108,47,1),
(250,'2024-01-07 08:51:00.000000','Votre vélo a été approuvé','SYSTEM',103,58,101,0);

SET FOREIGN_KEY_CHECKS = 1;
-- =====================================================================
--  Fin du dump BikeShare
-- =====================================================================